-0.247522,0.230716,1.71267,-1.00356,0.856414,-0.10793,-0.398036,-0.350393,-0.62178,-1.48162,-0.106466,0.571232,0.715937,-0.672315,1.01933,-1.4755,0.516062,-0.972541,-0.493903,1.35921,0.826127,-0.537285,-0.331063,0.143019,-0.570072,1.34664,1.44383,-0.0127818,-0.0295944,0.487508,1.47368,-2.16783,2.11386,-1.27976,-1.60221,1.66691,-1.43805,-0.598378,1.91537,2.19821,-0.614855,-0.273756,0.78457,0.894347,-0.298461,0.808898,-0.366175,-0.0188162,-0.42346,0.225409,-0.40552,-0.769618,-0.478311,0.825498,0.242263,0.467879,0.861948,0.0900669,1.24989,-0.449169,-0.0154942,-0.505461,-1.05389,0.867077
0.943893,-0.630952,0.570519,0.399852,0.849292,1.76444,0.346821,-0.163662,-1.84904,2.01306,-1.14791,0.976417,-1.00745,-0.343252,0.113549,0.0318537,0.478413,0.432438,-0.490669,1.12555,0.289078,0.680002,-0.412665,-1.19049,-1.10395,0.112428,-0.482626,0.808586,-0.403804,-0.751319,1.05545,1.30156,-0.121966,0.474431,-0.412974,-0.599586,1.14493,0.130414,1.56607,-0.150358,-0.221389,2.05186,1.34253,-1.49919,0.757712,1.76375,0.389413,1.41211,-0.315416,-0.720756,0.160092,0.86494,1.43643,0.663854,-1.73492,-0.194373,0.918188,-0.358824,-1.53593,-0.172379,2.5435,-0.648659,0.407062,1.55998
0.393091,1.17195,-1.24401,0.279825,-0.0369404,-1.82284,-0.175178,1.17039,0.853459,-2.36305,-1.17305,1.13706,-1.94552,0.170689,1.54188,0.376133,1.14084,-0.591224,-1.58254,1.16501,0.839536,-1.04454,0.404927,0.0530067,-1.49985,1.47246,-0.938918,0.977203,-0.649066,-0.179965,-2.33037,0.712983,-0.446202,1.41731,0.451721,1.02579,0.464047,1.38475,0.630963,-0.519353,-1.04719,1.02212,0.748984,-0.46218,-1.43047,0.308081,0.613273,-0.863692,0.131421,0.11584,0.960418,1.28425,-0.290016,0.370184,0.207956,-1.9388,-0.223172,1.11617,0.655279,1.074,-1.15948,-1.08818,-0.806443,-1.21503
-0.695904,0.579631,0.274648,2.24716,1.09346,0.491544,-0.306438,1.17186,0.548464,0.15548,-0.714919,-0.354675,1.85454,0.860607,-0.491303,-1.11827,0.0313786,1.38871,1.57991,0.12296,-0.900458,0.8786,-1.03988,-1.55282,-0.735801,-1.58967,1.54402,-1.34164,0.0769864,-0.281012,-0.00247139,-0.0939215,0.272924,0.689373,0.0999053,-1.40071,0.156264,-0.191737,1.11347,0.579764,0.513074,-0.730508,0.627178,1.16169,-0.727959,0.379523,1.66923,0.692126,1.52186,1.68793,-0.0732876,0.0445803,2.05182,-1.41575,-1.35141,0.938886,1.38891,1.35558,0.936328,-0.19468,-0.121819,0.1535,-0.0759152,-0.457017
-1.29613,-0.53865,-1.2405,-0.402417,0.856083,0.144805,-0.438843,-0.681585,-0.266562,1.6087,0.91994,0.553182,-0.841889,-0.729742,0.621217,-0.341988,-0.264428,0.0992408,0.210427,0.339992,-1.44045,0.441911,-0.933984,-0.405454,0.315317,1.11255,0.744887,-0.62666,-0.22999,1.18157,1.62297,0.618597,-0.17964,-1.34415,-0.677701,0.164694,0.214856,-2.47911,0.210918,0.749055,-1.36358,1.05312,1.77552,0.435635,-0.881015,0.209573,-1.04271,2.61564,1.88397,0.747824,-0.976664,0.831981,-1.09905,-0.793206,-0.4111,0.0822713,-0.23825,-1.38014,-0.881048,0.468596,-0.856725,-0.563504,0.0357837,0.668099
0.098159,-0.459661,0.404237,1.58343,0.204759,1.03968,-1.70419,-2.20213,0.4929,-0.893014,1.21887,-0.870654,-0.736802,-0.782968,0.232587,-0.0947066,-0.854406,-0.211632,-0.0127412,-0.542453,-0.599914,0.239316,1.63029,0.397026,0.248553,1.23222,1.60662,-0.979481,0.520248,-1.23553,1.67589,-0.790563,-1.35396,2.30202,0.123798,1.49015,0.365804,-1.77847,-1.74127,0.439972,0.731286,-1.54132,-0.758419,-1.30134,-0.781498,0.463141,0.305567,1.33808,-0.329253,1.33298,0.171915,0.104614,0.12118,-0.514762,-1.51264,1.33062,0.474115,-1.14083,-0.178512,0.83466,0.223869,0.278367,0.133412,-0.551454
1.37777,0.662474,-1.87021,0.0984722,-0.862659,1.345,-0.772877,0.0494308,-0.911129,-0.938523,-1.15003,-0.320208,-0.424027,2.33802,0.395734,-0.420304,-1.10546,-0.525156,-0.780997,0.511231,-0.0349507,1.32271,1.74041,-0.170686,-1.34161,0.479997,1.33729,-0.544339,1.40038,-0.208893,-0.357571,-1.12772,-0.619924,0.109589,-0.358509,0.0745634,0.944312,-0.711941,0.158175,-0.398196,0.0428755,-0.602176,-1.61595,0.373658,1.28287,0.117633,-0.722747,0.550054,0.736557,-0.701159,-0.462447,1.12731,-0.22582,0.041233,0.188396,2.11355,-0.0916155,0.980846,1.47815,-0.643365,-0.140083,0.93024,-1.53547,0.0715104
0.0825789,-0.636359,-0.601198,-0.942982,-1.33703,-0.875615,-0.646428,-0.825379,1.23811,-0.0848511,0.690767,-0.76457,0.576332,0.747686,0.195393,-0.525568,-0.410745,-0.385355,1.29883,2.43832,-2.10964,0.524264,-0.310435,-0.889337,0.15751,0.267788,-0.852106,0.142812,-0.985934,-0.999377,-1.21452,0.766592,0.74331,0.130408,1.21476,0.200101,0.872025,-0.42088,1.0997,1.139,-0.98929,-0.222823,-0.0472927,-0.0486587,0.0845824,-0.447587,0.715338,0.882498,1.67729,-0.93592,-1.50195,0.669991,0.00847636,0.377639,-0.765884,-1.06357,-0.179245,-0.284976,0.10987,-0.156667,0.428087,0.575552,-0.578602,-1.89704
0.525358,0.373038,0.760439,-0.533557,0.498579,-0.00847917,-0.144223,0.903619,0.391582,-0.813438,1.49852,-0.987695,0.714802,-0.133737,1.73668,0.387401,1.48549,-1.1183,0.765953,-0.455098,1.42724,-1.37061,-1.48465,-0.00132904,-1.39885,0.68605,2.56478,0.543513,-0.325349,-0.382436,-0.543296,-1.59263,-0.173044,0.74127,-0.100043,0.440871,0.0767474,2.76239,-2.11584,0.422505,-0.482822,2.38005,1.27312,-0.0645036,1.34464,1.2728,3.30738,-1.6151,0.615502,0.673325,-0.74392,0.290902,-1.87349,0.0582402,-0.430924,-0.00299174,-1.35228,0.695715,-0.548524,1.48907,0.253326,-0.217339,-0.815964,0.759357
0.167515,-0.318628,-0.505242,-0.610413,-0.489384,0.570787,-0.625397,0.656868,0.567988,0.128448,0.011094,-0.120645,1.20787,-0.0252335,0.738037,0.248979,-0.534911,0.67909,-0.532812,0.150879,1.30174,0.730169,0.0902881,0.419616,0.871411,-1.327,-0.284755,0.24877,-2.733,-2.71895,0.212872,-0.874528,0.527136,0.98347,-1.52078,-1.63833,0.394043,0.814862,0.310245,1.56563,0.359282,-0.133876,0.0873664,0.471529,-1.26462,-0.866035,0.294634,1.15507,-0.038635,-0.793933,0.929548,0.225205,1.12244,-0.093773,2.06686,-0.898321,0.281336,1.46641,-0.470965,0.371078,-0.0837377,0.337058,-0.802124,-0.675189
-1.26026,-1.23956,-0.0817614,-0.321941,0.180348,-1.37319,1.75582,0.495833,-0.261167,0.131804,-2.56277,0.876903,0.0217243,0.451386,-0.675724,0.654944,0.432196,-0.0661725,-1.98285,0.393072,0.544292,-0.919325,-1.07149,1.01983,-0.470425,-0.938297,1.05698,0.433179,2.07669,1.73985,2.3946,0.79361,-2.50325,-1.81611,-0.821458,0.999353,1.22263,-0.936765,1.48584,-0.720215,1.80343,-0.473741,2.97066,-0.244028,0.293957,0.114323,2.90992,1.14201,0.803515,1.30837,1.4259,-0.150525,-0.070885,0.289024,-0.432388,1.07411,0.289396,-0.746213,-0.154527,-1.00173,-0.0190314,-1.38807,-0.105018,0.0349
-0.068062,0.569156,0.871057,-1.52968,-0.61547,0.894377,-0.328469,0.807059,-1.59458,1.90524,0.119673,0.689843,-0.67378,-0.461551,0.161151,1.04995,0.640366,0.811952,1.2633,-1.18295,0.252986,-0.336946,-1.78748,-0.36425,-0.427079,0.547896,1.74126,0.152196,1.00789,0.030222,0.97826,-1.26503,-1.34751,1.08161,-1.28017,0.120679,0.262418,-0.314842,0.56244,0.315302,-3.06036,-0.468458,-0.612048,0.627276,-0.908276,-0.254355,0.731721,1.12071,-0.707553,0.893406,-0.118805,0.217262,1.67914,-0.0814999,-0.109964,-1.35552,0.287514,0.195949,0.146151,-0.843073,-0.646036,0.308,0.62671,0.53289
-0.804737,-0.158527,-1.30948,0.242018,-2.14539,-0.631672,-2.44273,0.13811,0.747938,-1.10979,-1.02235,1.28818,0.674093,-0.572264,0.394159,0.901621,0.42172,-1.36743,-0.326585,1.11195,0.816248,-0.632841,-2.31231,0.0777341,-1.60175,-0.612606,-0.372968,0.181837,-0.815977,0.438494,1.557,0.614519,-0.378294,2.59517,-0.780687,-0.876997,1.57567,0.370634,-0.381462,-0.165828,-0.0602414,0.299573,0.995125,-0.437087,1.82479,-1.89839,0.133159,-1.25496,1.41187,0.470973,0.260624,-1.19167,0.614081,-0.414446,-0.0940615,0.350079,-0.670853,0.869856,1.00887,-0.492022,-0.923509,-1.12144,-0.182131,0.173452
0.388942,-0.238949,-0.718887,-0.237002,-2.57142,-0.560537,0.649569,-0.73641,2.83683,1.17727,1.00115,-1.24522,-1.60261,-0.245774,-0.459563,0.605249,1.1054,-0.023964,0.671365,-0.0944516,-0.243727,-2.41259,0.509201,-0.527467,0.325944,1.58957,-0.738692,-0.35818,0.731663,-0.651366,-1.6504,-1.12807,-1.70495,0.913044,2.5061,1.02156,1.73479,1.04274,0.44966,-0.79695,0.780383,-0.844547,2.47017,-0.0185099,1.40966,-0.241607,-0.00182344,0.490546,-0.100167,1.30842,-0.5173,0.632882,0.889499,-1.3257,1.79858,-0.151943,-0.579104,-0.494432,-0.300186,0.250755,-0.591082,-0.472053,1.59963,-0.384312
0.692128,-0.510899,0.937757,0.37272,-1.00639,-0.127016,0.307975,-0.588729,-1.91176,1.11552,-0.569143,-0.351369,-1.50943,0.396431,0.423137,-0.612884,0.169537,-0.399175,-0.023557,-1.05931,-1.15958,1.75891,0.608552,-0.91397,-0.144869,1.01495,0.771293,-1.77073,0.0731829,0.266784,-1.92794,-0.0487724,0.055553,1.39807,0.874012,-0.370965,0.0796168,-1.01989,-0.613252,-0.494349,0.113203,0.916385,2.01243,-2.50042,-0.999397,-1.00402,-0.687307,1.81682,-1.78976,0.424123,0.0630464,0.690981,-0.248574,1.70494,-0.510836,0.853392,-1.78846,-0.572436,-1.74239,-0.613657,1.78774,0.254193,0.620512,-0.546669
1.79171,0.648462,-0.277087,-1.16009,-0.533626,-1.08727,-0.0970204,1.44999,-1.65899,-0.571267,-0.190067,1.61283,1.2887,-1.10893,0.933816,-0.528346,-0.0263666,-0.0735632,-0.931847,-0.639182,-0.144356,0.202853,0.849591,0.183,0.574698,2.60075,0.50539,-1.57344,0.314242,-0.27331,-1.03512,0.583187,-1.38228,-1.91764,0.759549,0.577658,-0.814462,-1.4468,0.567042,-0.905168,0.982257,0.86346,1.29502,-1.05711,0.391032,-0.087437,-0.474464,0.914755,-1.09873,0.364189,-2.23897,1.96937,-0.886418,0.959527,-0.731763,0.822471,-1.48241,0.265617,0.677948,0.477637,-0.0622489,1.7716,0.194012,-0.656082
-1.15593,0.734052,-0.706857,-0.323904,0.815898,-0.874914,0.205815,0.0990646,1.0749,0.651934,1.31038,1.78471,0.598228,-1.15467,-1.1059,-0.120834,-0.616047,0.174999,-0.38789,-0.325057,-0.333242,0.112258,0.732317,-1.18211,0.363328,-0.42999,0.518,1.42113,-0.25121,-0.591787,0.0773276,-1.33301,-0.374715,1.19292,0.771876,1.04674,1.02222,0.0583417,0.776091,1.52587,0.949516,0.534196,1.0368,-0.530297,1.3436,-1.89918,-0.169278,0.808774,0.917828,0.761415,-0.565112,-0.286558,-0.205754,-0.800036,0.0900935,-0.0417882,-1.29018,1.20826,-0.560674,1.4047,0.785728,-0.839704,0.861928,0.168938
1.22196,-0.547562,-0.85911,1.00365,-0.807045,0.822814,0.464666,-0.30255,-0.611582,-1.76355,0.30162,-1.65751,-1.57641,0.58118,-1.40138,1.38105,-0.287216,-0.472208,1.05967,0.623674,-0.540861,-0.803667,-0.460369,0.187571,-1.05248,-1.77992,0.747724,-1.49154,-1.26935,-0.441603,0.0278334,-0.851682,-0.125014,0.942889,1.21982,0.0661318,-1.20948,0.519437,0.993773,-0.88391,1.43227,-1.30917,-0.148302,-2.21365,0.93106,-0.911511,-0.5204,0.692407,-2.17207,-0.225546,0.537692,1.29616,-0.063977,0.0029737,0.185782,0.77016,-0.0433602,-0.133592,-0.453856,-0.490244,-0.0234821,0.683719,-1.37739,0.115774
0.669832,-0.0216865,-1.73856,0.34956,-0.377096,-1.43675,1.20303,1.17416,-0.860538,0.850295,0.164895,-0.0336447,-1.1377,0.740108,0.332769,0.822694,-0.658407,-0.636889,0.446136,0.533438,-1.01317,-0.848646,0.695159,1.02707,0.950607,0.740291,0.360928,-1.32934,-0.1359,0.280124,0.497777,-1.13299,-0.378257,0.121367,-0.545517,-0.776251,-0.594587,0.636985,-1.53035,1.07484,2.14452,-0.256377,2.0371,-1.09797,0.825794,0.989375,-0.511374,-0.291089,0.676932,-0.40414,-0.240802,-1.16395,-0.95665,0.918777,-0.637835,0.627611,1.09452,-0.346998,-0.665795,0.98115,1.86608,1.35753,-0.821844,0.0338852
0.68885,0.38763,0.49935,0.042878,-0.422541,-0.484785,-0.504063,-0.215056,-1.43307,0.613728,1.33892,0.146061,-0.090427,-0.153297,0.296185,0.429867,1.2503,-0.105405,0.205437,0.638274,0.551315,-1.10666,2.53388,-1.75039,1.39958,-0.636074,-1.85686,0.216469,-0.124684,1.1963,0.271421,1.48245,-0.146759,-0.864749,-2.5201,-0.340678,0.289873,0.0489271,0.0811588,1.54808,-1.09219,1.67402,-1.02678,1.19747,0.693481,0.49082,0.369269,0.613065,-0.23912,0.641003,0.0883214,0.0807782,0.458531,0.588206,0.932583,-0.839349,-1.63817,0.807702,-0.407328,0.234314,0.920356,-0.382767,-1.86437,1.11955
-1.50229,-0.379869,-1.63418,-0.59873,0.915418,-0.396403,1.3434,2.17055,1.75654,0.733542,-1.55645,-0.903587,0.468251,-0.895733,-0.444404,1.26776,-0.73895,-0.435326,1.08581,1.57485,1.24462,-1.52259,-0.834573,-0.170744,0.0796236,-0.0332534,-0.663431,0.854375,-0.171413,0.582176,-2.35322,-0.335003,1.14026,1.54811,-1.04296,-0.636952,1.51695,-0.312123,-0.323609,1.15904,-0.137641,-0.407573,1.10033,-0.813778,0.183347,-0.523943,-1.12559,0.137546,1.42874,0.532412,0.218605,2.19743,-0.201836,-0.131734,2.39941,-0.750132,-1.32338,0.346641,-0.7825,0.202519,-1.47694,0.425937,0.537091,-1.28018
0.50979,-0.938695,0.724037,-0.305939,-1.20228,0.477343,0.699305,-0.718018,1.40682,0.847887,-0.0241784,0.613091,-0.322057,0.233562,0.933226,-0.860335,1.41627,0.730802,1.647,-0.750691,0.843434,0.729663,1.28761,0.53363,0.723549,1.33245,-0.891016,0.414378,0.923626,-1.00757,-1.11513,-0.965071,-0.686435,-0.267463,0.890718,-0.0854391,-1.06777,0.010272,1.56205,-2.44887,-0.115824,1.51718,-0.400044,-1.41147,-0.098161,-0.757751,-0.881757,-0.0198522,0.383949,-0.281307,1.12722,-0.640044,-0.36921,-1.19122,-0.60757,-0.562186,1.74533,0.474508,2.31512,0.501865,-0.610615,0.169359,0.906186,-0.10451
-0.483846,0.706447,-1.13591,0.972105,1.36609,0.126932,-1.73901,0.779174,0.0382351,0.105505,-0.682162,0.75384,-1.29807,-0.136278,-0.342934,0.117658,0.0138697,0.187219,-0.621628,0.549207,-1.2795,-0.357629,0.0999801,-0.170662,0.0334349,-1.17519,0.802978,-0.341727,-0.999192,0.248023,-0.917786,-1.07078,-1.50495,-0.24738,0.161737,1.02433,0.560036,-0.515768,-0.712946,-0.543196,-0.71801,-2.70064,2.49809,-0.0753557,0.143435,0.136514,-0.687626,-1.80691,-0.180345,1.33997,-1.0055,-0.0255386,0.523821,0.389433,-0.842959,-0.103781,-0.20168,-2.36294,1.23374,0.191698,1.36147,-1.10634,0.13158,0.965958
-0.718157,0.1392,-0.454125,0.606622,1.35812,0.117037,0.860338,0.983989,0.0548675,-0.564987,-0.619532,-0.434204,0.478176,0.118811,0.490269,-1.84768,-0.83932,-0.499597,-0.382845,-0.360547,0.40681,1.08156,-0.140254,-0.523924,-0.544052,0.108554,0.0217288,-1.34657,0.297016,-0.0971051,-0.431784,-0.431012,-1.21812,-1.62239,-1.50476,0.20454,0.0457743,0.727225,0.228782,0.00877339,0.969077,0.496784,-1.2668,0.122832,3.01363,0.745581,-0.63047,0.00609977,-0.814116,-1.57285,-1.24305,-0.816601,-0.0479613,0.761214,1.47577,-0.170708,0.748352,0.0863258,0.705155,1.02239,-2.2,-0.449158,0.321394,0.819797
-0.415894,-0.243244,-1.00153,-0.617088,0.737943,-0.154066,1.06018,-1.12914,1.54034,0.725602,0.572993,0.0834865,-0.059523,1.17123,2.33326,-0.531576,-0.3837,0.92823,-0.575952,0.418929,-0.648202,0.573708,-0.500476,-1.10632,0.407139,1.5305,-1.03988,-0.318771,-0.105531,-1.77619,0.342561,-0.499757,0.14371,0.237545,0.455186,1.28632,1.94649,-0.783856,-1.03421,0.742993,0.704046,-0.28665,-0.0347185,0.442657,0.406518,2.2231,0.110933,-0.724714,0.492905,0.222886,-0.750627,-1.09414,-0.285482,-0.515709,0.199388,-1.20786,0.00446781,0.02853,1.0847,-0.981329,1.58692,0.271435,-1.08396,0.070772
0.710272,-0.266484,-0.386177,0.104166,-0.687652,-0.800471,0.698687,-0.129295,-0.186201,0.266583,1.59639,1.2746,0.347469,1.55576,1.26543,-0.593181,0.192634,-0.0873258,-0.180423,-0.456123,-0.201816,-0.950269,0.447513,1.2344,-0.22486,-0.0481043,0.0485161,1.46323,0.381203,0.638665,0.966067,-0.0654336,-0.195118,-1.01064,1.30377,0.375411,0.354657,0.473894,-0.294181,0.0020773,1.23606,0.479064,-0.083737,0.867643,-0.712409,-1.64663,0.814164,1.48887,1.66008,-1.07462,0.437869,1.36205,-1.12173,-1.90652,2.06087,1.55113,0.724819,-0.303829,-1.9373,0.58584,-0.147698,1.82349,0.213069,-0.354817
0.618023,-0.327758,-1.67078,-0.958717,2.7552,1.41831,0.397948,0.0937838,-0.639527,0.907347,0.215931,-0.00151803,0.100905,0.19257,-1.26178,0.461291,-1.46561,-0.32021,-2.00679,-0.0828144,0.189872,0.278075,-0.474742,2.21514,-1.9899,0.202423,-1.07332,-2.46394,-0.106915,1.30103,1.87788,0.537603,-1.24269,-1.02359,-1.44237,-0.450471,1.2702,-0.144732,-0.503721,0.102144,0.678244,-1.22239,0.589322,0.977808,-0.24368,-0.618925,1.70327,-0.875806,0.139192,2.21703,0.817846,1.88637,0.350215,2.73171,1.79169,-0.256781,1.20562,-0.588098,-0.39245,0.655397,-0.942318,0.459265,2.62494,0.277214
-0.478459,-0.947523,1.08825,-0.764101,0.185167,-0.146842,-1.21578,0.131405,-0.545797,-0.713686,-0.922727,0.0366308,-0.17187,-0.959487,0.860475,-0.441706,-1.99784,-0.446959,0.785335,1.4368,-0.307773,0.0462037,-1.57494,-0.884407,0.600099,-0.329273,-0.278985,0.222323,-1.14331,-1.48408,0.575966,-0.0542478,0.982032,0.633138,-0.051987,-1.182,-0.545011,1.07498,-0.901094,0.641372,1.58441,-1.38315,0.815481,-1.76185,1.01858,-0.89989,-0.279813,2.14235,-0.406569,0.237814,0.53379,0.150115,0.741582,-0.772216,-0.0938903,-1.35194,-0.621611,1.28397,-0.651488,-0.30019,0.42966,0.957126,0.803742,-0.502539
-0.25683,0.177074,-0.452931,0.458583,-0.220731,0.367398,0.090033,-1.8682,0.931851,-1.6303,-0.287337,0.348563,0.502596,1.90673,1.52685,-0.654337,1.11989,1.29373,1.44575,-1.41088,-0.0556035,-0.441562,0.452026,-1.04766,1.37485,-0.436047,1.82789,0.305798,0.0491649,0.236992,-1.0088,2.59075,-0.727225,-0.00847887,0.264377,0.173458,-0.68927,0.976745,-1.31826,0.209287,1.78096,1.54198,1.19921,-0.622799,-1.46521,0.611148,-0.56973,-1.0232,1.12771,-0.38232,0.0077771,0.353159,1.62068,1.16549,0.790593,0.971877,0.119713,-0.716721,-2.21016,0.163573,-1.43703,-0.689188,-1.12321,2.41698
0.863968,-0.628615,0.0619485,-0.694181,-0.000122661,0.0693259,0.0394652,-1.97487,0.118242,-0.231359,-1.12291,0.331796,0.394364,-0.902929,2.00246,-0.923971,-0.071772,-0.642564,0.626608,0.599327,0.67341,-0.394817,-0.946446,-0.470209,-0.788797,0.812895,0.521037,-1.20426,-0.0216285,-1.1242,1.49966,0.546485,-1.46797,1.12729,-0.0625428,-0.416952,-0.016765,-1.29233,2.69966,0.00572617,0.513829,-0.393181,-0.476955,-0.999523,0.208813,0.223786,-0.36959,0.296973,0.17543,-0.734387,-0.928568,0.335288,0.227452,-0.824353,1.32681,-0.685234,3.29272,2.48782,-0.768649,0.131194,-0.568981,-0.95371,0.804792,0.68749
0.740054,0.45027,0.439663,-0.313672,-0.994002,-1.00156,0.711946,-0.558839,-0.0953459,0.467226,0.509678,0.982684,-0.645758,-0.183931,0.886515,-0.671749,0.474323,0.986415,0.556854,1.85379,0.343204,0.12914,0.081342,1.54899,0.34097,1.45759,0.302779,1.33321,0.0153366,-0.407524,0.0611885,0.666287,-0.0947441,0.981331,0.707121,0.350191,0.188968,-1.18128,-1.66695,0.516318,0.492839,-1.44642,0.0237334,0.359312,-0.0959296,-0.061614,-0.573187,2.0832,-0.461739,-0.690837,-0.355911,0.260372,0.643677,0.0380483,-1.32441,-0.258726,-0.722258,0.0898242,-0.97711,-0.329,-0.167747,0.279328,-0.897077,-0.28404
0.596308,1.5035,-0.935058,-0.394803,0.679456,0.51764,0.170962,0.643223,-0.0541741,0.240717,-0.882755,0.0150326,-1.43695,2.37407,-0.682713,-1.01253,-2.03279,1.19563,-0.377087,-0.725104,-0.685857,-0.803267,-0.376577,-0.0429812,-2.10243,1.08528,0.420973,-0.230161,-1.75632,-1.38703,-0.56494,-1.09165,0.265873,0.229225,0.317146,-0.790083,0.378986,-0.658906,1.60707,2.24582,-0.157846,-0.212558,-0.758784,1.52933,-0.964263,0.107401,0.24811,-1.11834,0.356189,-0.461122,0.148066,-1.30217,-1.07084,0.186821,0.154615,0.429127,0.44267,-1.17539,-0.43762,0.522612,-0.333962,-0.109792,0.158496,-1.96764
1.09258,2.56432,-0.43408,-0.588443,0.117231,0.670908,-0.0321925,-2.02882,0.934986,0.925394,-0.498329,0.478151,-0.0386708,1.57244,-0.964958,0.902051,-0.103786,-0.289761,0.23669,-0.524963,0.714052,-0.418527,-0.584297,0.404305,-1.50616,-0.0668871,-0.957736,1.18331,-1.93083,0.853307,-0.776809,1.17996,-0.511404,-1.70358,-0.770265,1.12598,-0.423924,-1.1678,-1.31066,0.785485,0.660737,-1.27673,0.397146,0.496507,0.629865,-1.38767,-1.04874,0.271563,-0.661377,0.125045,-0.205737,-0.377231,-1.08752,0.677236,0.541618,0.1666,0.442798,-1.23813,-0.267763,0.999749,-0.121706,0.755693,-0.93765,-0.625082
0.313485,0.658964,-0.33284,-0.153432,-0.730379,-1.81748,1.29191,-1.48899,0.184923,-0.577606,2.75084,2.33962,-0.337897,-1.27251,0.673397,0.0929758,-0.694802,1.19351,-0.221922,-0.490085,0.258836,-0.557066,-1.00864,-0.830524,0.747259,-0.0398195,0.143469,-0.668553,0.366648,-1.02691,0.867764,-0.336679,1.18943,-2.3323,0.163718,0.915191,-0.501275,0.569214,2.06098,-0.53802,0.668245,0.20388,-1.8493,-1.56715,0.374594,-0.108169,1.19075,-0.717874,-0.367277,-1.7152,0.330783,1.39461,-0.88087,1.31647,0.414294,2.07242,0.282452,0.96241,0.798994,-1.05096,1.04744,-0.846009,0.318181,0.423994
-0.432346,1.04398,-2.61564,-1.62548,0.514012,-0.269584,-0.40486,1.68882,-0.822069,-0.73667,-0.923251,-1.3165,0.0418901,0.834166,0.181218,0.34423,-0.0642335,-1.44183,0.628977,-0.670285,0.841899,-0.504505,0.453621,0.269369,-0.729172,-0.239812,-0.111219,0.388436,-0.0265193,0.319082,0.246049,0.331091,-0.761849,2.51846,0.343532,0.0409852,-0.209486,-1.15052,-0.220139,-0.504995,-2.26606,-1.13581,1.06483,-1.08185,-0.862031,-0.0153885,0.601368,-0.967534,-0.0707624,-0.735219,-1.61511,0.390999,-0.910511,0.0839038,-1.15797,0.273843,-1.05367,0.48435,-0.900954,-0.460634,0.843234,-0.129769,0.947761,-0.146517
-0.509876,-0.834511,0.278375,0.0459775,-0.444644,1.30709,1.36313,0.0391321,-0.80832,0.236395,1.29045,-0.566477,-0.84013,-1.13638,-0.161314,0.148635,-0.414723,0.386335,-0.0807723,0.826054,0.0620257,-1.38623,-1.24872,1.87034,-0.506124,-1.09629,1.00584,0.731583,-0.115893,-0.490866,1.30655,1.53675,-1.38337,-0.250258,-0.0130553,0.984079,0.696992,0.370654,-0.636622,-0.633207,0.927459,-1.27496,0.427768,0.117205,0.45139,-0.0739817,1.05116,0.191703,-1.40148,1.98108,-0.863556,1.47134,0.424823,0.250015,0.730967,-0.719225,-0.9549,-0.0192629,0.0172785,1.28523,0.0409613,1.10201,-0.0943295,0.970845
-0.696187,-0.00551958,0.657345,-0.899852,0.0491604,-0.332493,-0.438648,-1.43116,0.425505,1.72302,-0.494774,-0.402775,-0.486518,0.929188,-1.31334,1.26812,-0.749098,0.199128,1.40281,-0.484286,-0.210573,-0.220802,1.17093,1.45707,-0.0655341,2.06841,-1.72363,0.631361,-1.20124,1.58589,0.978161,-0.202757,-0.879554,-0.0761747,0.59666,1.59394,-0.183562,0.905964,-0.1589,1.05232,-0.522893,0.561748,-2.60947,2.07444,0.257308,-0.939337,2.15322,0.326972,0.122519,1.90492,1.54317,-1.1018,-0.57461,-0.98338,1.56805,-0.487316,-0.270831,-1.12936,-1.14172,0.0319176,-0.133879,0.956727,0.683833,-0.909558
0.903969,1.77234,-1.00573,0.193767,0.447163,0.708603,1.51948,-0.748436,0.539155,-0.803689,-2.04491,0.389763,-0.563996,-1.16071,-0.411427,0.698205,-0.267996,-1.41076,-1.04389,-0.653648,-1.25484,-0.16268,-0.334243,0.580151,1.20514,1.42983,1.0361,0.284918,-0.747333,-1.29144,1.15063,-0.533279,-0.395046,0.307217,-0.685768,-0.709526,-0.793392,0.237499,-1.06828,0.431013,-2.54351,-0.494817,-1.74701,-1.0042,-0.886527,0.289957,0.361274,-0.388154,0.908577,0.833312,0.537453,-0.00199462,3.18572,-0.566344,1.40365,-0.136299,-0.352165,1.91219,2.20176,-0.104554,0.13937,-1.41127,1.21405,1.7316
-0.352013,1.596,0.755895,-0.556583,2.11423,0.489261,-2.83133,-1.73031,-1.07057,-0.832015,-0.1184,-0.216014,0.950546,-0.485434,1.22404,-0.884605,0.0444687,0.485352,0.510534,0.117294,0.77821,0.704162,0.195328,-1.17257,-0.994799,0.637866,0.566734,-0.620944,-1.80625,-1.31479,-0.028975,0.747764,-0.383649,0.482461,1.3846,0.809882,0.0884226,0.852386,0.156761,-0.525424,-0.0192083,0.408098,-1.01367,-0.165899,-0.451046,-0.619406,2.63514,-1.12997,-0.177773,1.22345,0.98385,0.356633,-1.18794,1.21407,0.203777,-0.354359,1.69363,-1.41843,2.05485,-0.692629,-0.398829,0.461356,-0.119821,-0.110918
0.226142,-1.45593,0.75971,-2.10145,2.31564,1.23122,-0.142957,-1.13142,-0.411214,-0.243315,-0.739488,0.617696,1.54071,-0.165121,-0.41872,-0.301985,-1.20126,1.12765,1.72718,1.00586,0.262063,0.0244783,-0.344677,0.619937,0.0831254,0.270465,0.67948,-0.107307,1.8744,0.866102,0.223114,0.748981,0.0364707,-0.207899,2.21479,-0.187504,-1.73405,-0.645172,-1.01067,-1.12378,0.0374393,-1.74558,-0.245912,0.476127,-0.243131,-1.10274,-0.902931,2.40466,1.25867,1.63877,-1.38028,-0.881269,-0.296557,-0.0807813,-0.0279349,0.855865,-0.109987,-0.322182,0.17054,0.818299,1.25899,0.136891,0.30457,1.4181
0.970824,1.08293,0.545936,0.423653,2.27396,-0.264995,0.487235,-0.286013,-0.896105,0.596017,0.549024,1.61115,-0.459373,1.19746,1.87367,-0.866641,2.80262,-0.00985836,2.68324,0.0281108,-0.656594,-0.0232526,0.482774,-1.09506,-0.257901,0.775787,0.697686,-0.789816,0.69135,-0.335675,0.475082,1.36364,0.361434,-0.774173,-0.117711,0.518307,0.80473,-2.14841,-0.124877,2.07656,-0.94701,-1.03983,-0.865449,-0.116249,-0.395314,-2.8231,-1.20661,-0.145205,0.276803,-0.608243,0.13914,-1.23546,0.987472,1.14628,-0.39587,0.990793,-0.798253,0.838917,0.102469,-0.527288,0.305528,-0.640989,0.560074,-0.7097
0.332095,-0.105187,0.665497,-0.572592,1.18914,-0.205715,0.27867,-0.0682747,0.270502,-1.56696,-0.190656,-0.236834,0.814293,1.04118,0.682458,-0.09113,-0.413222,0.666495,1.35599,-0.284899,1.57713,-0.932638,0.821783,0.395891,-0.411756,1.4991,0.208233,-1.86361,1.81003,0.595202,-2.96597,-1.90157,0.0775985,1.78388,-0.998396,-0.110803,0.423617,-0.0774759,0.206987,-0.266813,1.05361,0.0366393,0.929264,-0.810252,-0.714584,0.571601,-2.14604,0.0860366,0.00894209,0.529916,1.79899,1.12009,0.15397,0.0360541,-0.73364,1.30304,1.45172,0.680874,-0.436354,-1.94005,0.924455,-0.0506615,-0.20927,0.725091
0.183875,0.0325843,1.39578,0.598036,2.01082,-0.614085,0.295254,-0.747004,1.99724,0.947845,0.191907,1.24352,-0.487679,0.866441,-0.171145,-1.4407,-1.94453,-1.28196,1.1576,1.13767,-0.198589,1.02306,0.592929,0.56374,2.58588,-0.351581,-1.07474,-0.666003,0.412515,1.35242,-1.73418,-1.47844,-0.0517731,-0.149247,0.344194,-0.223345,-2.29345,0.433288,-0.902996,-0.737734,1.22373,0.32899,-1.61384,-2.02129,0.0191622,0.859075,-0.142828,-0.248322,-0.721946,-0.0168355,-1.39862,-1.30327,0.160918,-0.740635,-0.694505,0.47812,0.484366,-1.05772,0.522746,1.7108,0.119832,-0.383919,-0.560045,-2.19744
1.72881,-1.25521,-1.02696,-0.294501,-1.92238,0.525663,-1.74644,0.263645,-1.45189,-0.781773,1.05154,0.117032,-0.143389,0.637373,-1.36116,0.533655,-1.35643,-0.384058,0.928137,-0.600486,-0.8161,0.291313,0.186923,0.419431,1.04471,1.38386,-0.971071,1.32728,0.41434,0.848616,-1.07995,-1.6105,-0.558724,-0.82796,-1.45188,-1.04787,-0.731416,2.56114,-1.12742,-0.25845,1.39111,1.71276,-0.637712,-0.458605,-0.676742,2.13454,-0.70679,-0.556236,-0.471558,0.575166,0.624123,1.98083,0.0699676,1.43478,0.204041,-0.196032,0.67267,-1.88312,-1.49075,0.291698,-1.01274,-0.220036,0.209701,-0.492097
-0.385476,0.3368,0.240945,0.626321,-2.0536,-0.301857,0.639631,-0.342503,0.0376386,-0.0683487,0.157128,0.220732,-2.31702,0.0673518,-1.52808,-1.86038,0.420587,-0.186406,-1.139,-0.776006,-0.649057,0.686213,-0.887516,1.3917,0.485046,0.00828163,-0.0319094,-0.933256,-1.24774,0.135317,2.13148,-0.545492,-0.782744,0.244104,-0.290419,-0.641708,-0.366349,0.818497,0.274435,-2.19698,0.838257,1.54949,0.531159,-1.17221,0.262641,-0.521414,0.360786,0.431914,-1.2543,-0.649448,-0.489598,-1.85462,-0.00275671,-1.75788,-1.30839,0.46989,-1.17433,-0.0510311,2.11498,0.917186,-0.40725,1.99536,1.53666,1.10089
-0.0558831,1.67754,0.44613,1.92307,-0.374299,1.05768,0.322579,-0.267555,0.667685,-0.0698997,-0.494226,0.427733,-0.454828,-0.661435,0.343468,1.43079,-1.02978,0.16339,0.807605,0.655421,0.891594,0.913966,-0.359187,0.240873,0.267494,-0.255547,-0.956165,-0.065911,-0.343751,0.509436,-0.998924,-0.160027,-0.359396,1.89262,-1.13936,-0.859589,0.652642,1.61622,-0.534622,-3.57667,-0.137419,1.4397,0.0360954,0.244596,0.982087,-1.14382,0.11339,0.0323429,0.025665,0.692042,-0.501725,1.25557,0.335982,0.32432,0.339919,-0.161312,-1.04047,-0.520602,0.286807,-0.194855,-0.183555,-0.532409,0.00439849,2.04847
-0.519515,0.138827,0.0393441,-1.2113,-1.80559,-0.198592,-1.20254,0.726473,1.06206,-0.658306,0.671009,-0.823303,-0.548127,0.462611,-0.570084,0.0184242,0.578687,-1.53573,-0.162972,-1.39831,0.442627,1.04599,0.81516,-1.06291,-0.582783,0.928357,-0.177869,0.44088,-0.713279,-0.749733,-1.0852,0.744144,-0.603979,-0.63021,0.825514,0.691319,-0.629412,0.886993,0.774676,-1.65782,-0.836627,1.19733,-0.618751,0.00307873,-0.439397,2.29793,-0.258951,-0.143695,0.247446,1.38179,-1.51714,-0.860975,0.597721,1.34786,0.412271,-0.377269,1.26842,0.948022,-0.741165,0.335482,0.936657,-0.691713,-2.52661,-0.437731
-0.767185,-0.460428,-0.342993,0.848164,-0.602987,1.95786,0.426004,0.964641,-0.0353287,-1.54215,-0.458891,0.230118,0.710078,0.438881,-0.231796,-0.335555,0.965689,1.91766,0.101279,0.987891,0.0490588,-0.671987,-1.53141,-0.433864,-0.387927,2.59986,-0.282259,2.77717,0.343578,-0.228731,-0.677357,1.18793,0.424191,-1.29455,0.137377,1.09487,-1.1489,-0.551383,0.862606,0.881604,-0.762778,0.452126,0.382183,0.836042,0.858392,-1.58637,0.299832,-0.0221208,0.287013,-1.3733,0.105799,-0.269489,-0.522079,0.433494,1.28941,1.19657,1.50659,-0.95267,-0.7792,2.32682,2.04174,-0.746057,-0.647182,1.394
-0.129882,-0.999479,-0.887463,0.378572,-0.499135,0.0365005,-0.921598,-1.65077,-0.21024,0.861154,1.36049,-1.5689,1.37372,0.429481,-0.528385,0.400543,0.972235,-0.475421,-0.794019,0.936688,-0.00724825,-1.77207,2.18276,0.502376,1.02284,0.279672,-1.41054,0.425947,0.505781,0.818879,2.29,-0.481144,0.0840691,0.306843,-0.370707,1.25614,1.43784,0.0443972,-1.69246,-1.67635,1.80625,0.900503,0.953295,-0.357772,0.334959,0.867167,1.13898,-1.00623,1.54951,-0.329496,0.427472,0.777075,-0.505373,1.6803,-0.362805,-2.41097,-0.219821,0.714604,-1.91275,0.153967,-0.527492,0.4354,0.207783,-0.490696
-0.686752,-0.885385,-0.109021,0.0355994,1.30893,-1.85732,-1.39691,0.839349,-0.238042,-0.436426,-0.871575,0.158026,0.7534,0.00308315,0.156939,0.210684,-0.774229,0.854356,1.47816,-0.768149,0.64374,-1.04635,0.490912,-0.698913,-1.16109,0.132636,-0.613555,-0.549422,1.03577,-0.810654,0.405553,0.059585,0.0348808,-0.467158,-0.0305712,0.788663,-0.0305577,1.96682,-2.09832,-0.673455,-0.0602902,-0.172401,-0.935045,-0.427306,-0.370468,-1.65042,-0.446596,0.476298,-0.32599,0.462743,-1.98061,-2.6211,0.160707,0.52545,-0.241373,0.326053,0.945678,1.60104,-0.304429,-0.894017,-0.687868,0.961857,-0.387122,-0.499471
0.409791,0.583446,0.437654,0.0482681,0.643128,0.459445,-1.70197,0.165803,-0.595774,-0.69869,-1.15256,0.0715292,1.36795,-0.634181,-0.329149,-0.416916,0.468814,-0.206321,1.00498,1.21338,0.081367,0.218765,-0.148026,-0.783113,0.283909,0.254713,-0.435076,0.139082,1.18646,0.616996,0.238405,1.15733,-0.257342,-0.591977,-1.34853,1.08986,-0.927692,0.291668,-0.869941,1.61773,-0.219792,1.56692,-0.154726,0.497082,0.158264,-1.5151,-1.65613,1.24628,-0.687412,-0.707645,-0.376752,1.04196,-0.403385,1.32251,0.37308,0.174608,-1.20651,1.06844,0.383235,-1.05338,0.776399,1.35435,0.188403,0.680771
0.491698,-0.842127,-0.844749,-1.44634,0.468843,0.0472971,0.89091,0.822811,1.12998,-0.211,-1.56217,-0.516024,-2.06822,-0.102561,0.0262352,-1.55061,0.257596,1.36242,-1.26767,0.884568,-0.373614,0.930424,-1.00651,0.0463768,-0.62349,-0.903545,-0.36075,1.50743,-0.32191,0.230229,0.633058,0.36125,-0.0334539,-0.514551,1.09817,-0.756439,-0.403149,0.665724,0.298658,0.245196,0.544375,-0.693475,1.59166,0.767803,-0.904311,0.937882,1.75082,-0.187122,0.290243,1.00656,-0.497608,0.45109,-1.44708,1.10714,0.495875,1.25877,0.861675,-1.85061,-0.0313011,0.108979,1.15892,0.00401605,0.323374,-0.235305
-0.128405,-0.302483,1.61788,0.616974,-1.06023,0.97661,-0.70894,-1.07317,-0.974024,1.76403,2.15603,-0.564224,-1.31474,0.435009,-1.50235,-1.02401,-1.20484,-1.30913,-0.134612,-0.831844,-0.0533162,-0.137344,0.601079,-0.778918,1.28903,-2.55532,-1.02437,-1.07171,0.396065,-0.298186,1.20134,-1.77058,0.235791,0.233581,0.407795,0.13438,0.465988,1.81927,-0.769646,1.17454,-0.699652,-1.18965,1.83443,1.77129,0.802787,0.192322,0.870003,-0.956634,0.217483,0.282671,0.253103,-1.16437,1.62429,-1.2529,0.474741,-0.165512,-1.23497,-0.202754,-1.88448,0.285151,-1.81556,-0.954474,-1.1559,-0.550154
0.401704,-1.05038,0.104559,1.01375,0.0887218,1.78436,-2.04542,0.591682,-1.39529,0.257169,0.265313,-0.940044,0.132895,1.14488,1.09042,-0.739088,0.0780558,0.00454071,0.106446,-1.11859,-0.312775,-1.48291,0.0637556,-0.263929,-0.106231,0.469807,1.41949,0.924612,0.486672,-0.140239,-0.164845,1.66097,0.708987,0.873084,-0.205671,-1.28029,1.21221,0.775131,0.395551,-0.419926,-0.179131,1.46399,-0.0149791,-0.812691,1.51213,-0.817716,-0.162723,1.20845,0.794679,1.28473,1.60683,0.357259,-0.518946,-1.63012,0.435606,1.96371,0.513093,0.543123,-0.209892,1.99162,1.60668,0.158685,-0.230578,0.21067
1.12141,0.243604,0.751251,-1.07386,-0.605406,1.67248,-1.38096,-1.02369,-0.363868,-2.24343,-1.63352,0.192374,-1.73015,1.18062,0.496855,0.604692,-1.14643,-0.523919,-0.931764,-0.0432024,0.166366,1.80923,-0.145628,-1.79365,-0.172991,-2.06225,0.587829,-1.52082,-0.822201,0.113419,0.27887,0.192156,0.528823,-0.981735,-0.371737,-0.0178099,-0.476642,-0.741771,-1.67943,-0.257056,-0.395685,-0.252973,-0.744824,-1.62017,0.0665719,0.265975,0.20424,0.231756,0.667158,0.97702,-0.604436,-1.20124,-1.16331,2.94926,-0.460326,1.19815,1.41442,1.11841,1.51864,1.20494,-0.797584,-0.775992,-1.15257,-1.07115
0.0392229,0.136267,0.25595,0.583155,-0.263712,1.2615,0.819701,-0.826723,-0.787929,0.753376,0.587566,0.80911,-0.52725,1.38051,1.29391,-0.853163,0.198045,0.625162,-0.711543,0.491289,0.584267,-0.155377,0.468445,1.03392,1.7114,-0.583548,-0.843332,1.7873,-0.359933,0.607045,-2.18052,-0.872514,-0.0179356,0.303092,-1.52224,-0.694059,-0.461319,0.0119353,0.52206,2.10148,-0.75493,-0.407697,0.477406,0.59066,-1.2648,-1.24534,-0.688531,1.93402,-0.999873,-0.449656,1.68902,-1.37684,1.63465,-0.86552,-1.10525,-0.726772,1.30087,-0.862137,-0.697476,-0.888409,0.916595,0.589403,1.08845,-0.025571
-0.801002,-0.939281,1.90864,0.307613,-1.53468,-2.19427,-0.635947,1.6869,1.99935,-0.366537,-2.12154,-0.459186,0.945037,1.38195,0.513745,0.426881,1.9161,0.91747,-0.966262,-1.04774,-0.350246,-1.90808,1.22103,-1.51531,0.907676,-0.0311149,-0.264846,1.35583,1.32937,-0.635739,-1.12506,0.1581,-0.995805,0.566402,-0.278799,1.94914,-1.05806,0.940599,0.401428,-0.940159,-1.32168,-0.244406,-0.317192,1.21864,0.317854,-0.365571,-0.0354688,-1.43206,1.2664,-0.111384,0.728633,0.585308,0.00804591,1.68981,0.153773,0.191052,1.83909,-0.523004,-1.65319,-0.855747,0.0757875,-0.634726,0.880067,0.208669
0.321934,0.19072,0.918,-0.367616,-0.000812813,-0.0794203,0.224554,0.712472,0.733762,0.287804,-2.04576,-0.656332,0.180507,-1.23498,0.00327089,-1.86273,0.159192,0.380784,-0.18304,-2.31986,-0.964634,-0.233854,0.0151839,-0.572015,-0.655338,-1.48474,0.572395,0.937173,0.167437,1.16767,1.20241,1.05346,0.855379,2.16874,-0.0665717,-0.176134,1.2475,-0.610121,-0.984329,-1.92477,0.281776,-0.377476,-1.0982,0.825352,-0.0557686,-0.662851,0.315538,-0.792746,-0.974616,-0.870426,0.378697,1.21011,-1.0241,0.191102,-1.94238,-0.117477,-1.31395,1.53115,-1.66605,1.72389,-0.62579,0.614339,0.197879,0.617499
-0.291359,0.592067,0.700346,0.310932,-1.69573,-0.426493,0.702585,-1.14683,-0.00452644,0.286467,0.354147,-0.810435,-1.41599,0.279597,0.753509,-0.638065,-0.151344,0.385911,0.56574,1.4603,-0.387181,0.664557,0.849637,0.735551,-2.00066,-1.09951,0.667666,1.12819,-0.309216,2.0185,0.178211,0.61415,-0.264225,0.334586,-0.885141,2.53987,0.636495,0.934996,-1.04569,0.0907844,0.772282,-0.48373,-0.626715,0.88543,0.661344,-1.14696,1.34243,1.14152,1.34946,-0.272209,-0.215721,1.44614,0.524563,-0.614234,0.548465,1.24236,0.125981,-0.554024,0.443167,0.502403,-0.951243,0.673658,-0.613335,0.945442
0.111097,0.162428,-0.864198,1.55498,-0.771456,1.09413,0.89912,0.234734,1.4953,2.0231,-0.722131,0.313064,0.658028,-0.0786506,-0.333198,-0.461979,-1.11207,-0.563233,-0.576846,0.384819,-1.05994,0.186329,-0.0505332,-0.578988,-0.250835,0.893453,1.6131,0.830307,-0.3221,-1.12297,-2.07858,-1.36014,0.959493,-1.68897,0.316836,0.554647,-0.775843,0.146126,0.548709,-0.421174,-0.61088,0.170292,3.17263,0.281526,-1.15597,0.580785,1.21294,0.79169,0.673249,0.359175,0.277658,-0.863168,-0.933929,0.951341,0.424006,-0.0328822,-0.421419,0.56248,0.57086,0.279785,-1.00308,-0.00290793,-0.55868,-0.519631
-0.815097,-1.96424,-0.825559,1.67995,-1.30022,-1.10189,-1.38006,0.410934,0.00891954,-0.823004,-0.707899,0.884143,-0.23413,-0.328043,-1.85737,2.37679,-2.29053,0.572799,1.52023,1.19522,-1.15832,0.641848,-0.519615,1.28009,-0.619806,0.216267,-2.97826,-0.42946,-1.56134,1.60329,-1.60791,-2.66727,0.0545153,-1.0303,0.0350108,0.782313,0.0492647,0.219338,0.443657,0.305283,-0.27796,-1.03489,-1.10604,-0.919857,-1.68674,0.988872,1.78936,1.58328,0.919311,-0.523069,1.63248,0.071379,1.04715,-0.283397,-1.7324,1.23334,1.60356,0.835057,-0.109885,0.25713,-0.363267,2.25841,0.731184,0.435212
0.250183,-0.943339,-2.277,-0.133598,-2.02422,0.0913627,-0.300401,-2.3438,0.88875,-1.31048,-0.0926034,1.00057,-0.879723,-2.02239,-1.05308,0.653411,-0.893772,-1.79328,-0.362555,-1.52312,0.608942,-0.667284,0.464928,2.25857,0.91165,-1.77599,-1.02766,-0.75046,-0.462809,0.248313,0.047006,-0.400675,0.636565,-0.353596,0.802898,1.00163,0.494078,-1.73015,0.334736,2.55114,0.936641,1.33462,0.712977,0.147963,0.579911,-0.893989,-2.36895,-0.261803,1.04664,-0.00999734,1.44178,0.839905,-0.171085,1.67254,-0.678998,-0.992134,-0.0459678,0.454746,0.488297,-0.289782,2.28523,0.974644,-0.911497,-0.739941
0.692185,-0.197453,-0.260719,-0.792704,0.727135,1.03875,1.04737,-1.04961,-0.0579113,0.15478,-1.22317,0.822412,0.125117,-1.52797,0.810199,0.778026,-0.238877,-0.828113,1.42906,0.130275,-0.51969,1.05269,-0.00943103,-0.0125442,0.625825,-0.0234673,1.11069,0.267456,0.276944,-1.37128,0.181116,-0.550653,2.0384,-0.777023,-1.56825,0.779624,0.614946,1.04877,-0.821704,-0.775913,-1.23273,-0.33357,-1.60058,-0.629947,0.299051,1.39554,2.12851,-0.481383,1.08709,-0.826756,-0.39815,-0.4147,-0.0179921,1.54781,-1.0645,-0.341033,-0.181434,-0.220921,-2.74042,-2.37082,0.698518,-1.4059,0.0232394,-0.41413
0.576835,0.28753,-0.478919,-0.913033,-1.04931,-1.43072,-1.42059,1.28559,-0.0971926,-0.97585,-0.831974,-1.35581,-1.00981,0.198536,0.474101,-1.08607,-0.423169,1.0417,-0.495351,1.3378,0.686602,-0.0455092,0.693914,0.642348,-0.683324,0.0135565,-1.77209,0.0035248,0.649672,0.459422,-0.948272,0.516826,0.322218,-0.312073,0.198909,-0.781115,0.384066,0.108542,1.30928,-0.389664,0.679758,-2.52362,-0.0780774,-0.321942,-1.09389,-0.362157,-0.421106,2.21118,-0.643322,-0.345471,-0.485474,0.0854262,0.0396834,0.558312,-0.498765,0.332768,0.79705,-1.39557,-0.444545,-0.292121,-0.183481,1.3529,-0.385747,-2.01116
-0.842936,0.712783,-1.63991,-0.0199341,0.390087,-0.00136306,-0.505416,-1.05096,-1.24664,0.612654,0.132157,0.0894983,1.29091,0.35193,-1.40044,-1.9959,0.776642,1.84472,-0.0177249,-0.399525,-0.0208558,-0.49157,-0.661194,1.3048,0.346363,0.714094,0.919979,-1.15936,-0.188238,2.54323,-2.85387,-0.480035,0.0493606,-0.105946,-0.688849,-0.328415,0.137191,1.15244,-1.14632,-0.824478,1.69634,1.41149,0.0243707,0.398709,0.0997865,-0.328624,-0.56557,1.37373,0.862469,-0.338559,-2.51137,-1.63043,0.141131,1.71682,-1.19554,1.10745,0.112419,0.149942,-0.585072,0.43311,-0.125528,-1.36383,-0.797693,-1.49529
0.268625,-0.339754,0.459139,-1.04829,-0.534062,0.131684,0.5649,0.871958,0.32118,-1.30203,-0.559651,-2.0846,0.333288,-0.624514,-0.336061,0.0563966,0.0586479,-0.579122,0.150024,-0.472492,0.133282,1.55671,-0.468592,1.56357,-2.38562,0.626827,0.773594,1.10875,1.24495,1.36666,0.241357,-0.664021,-0.995052,0.404187,-0.692763,0.600055,-0.809188,0.841934,-0.380143,-0.505287,-0.158775,-0.156635,2.90676,-2.34288,-1.2156,-0.794825,-0.461479,-0.594665,-2.79766,-0.110987,2.02989,-0.174411,-1.23908,-1.14702,1.14533,0.748264,-2.14939,-0.533744,-1.27755,-0.391966,0.0248407,0.306252,-0.792419,-0.28749
-1.16253,2.36461,0.369643,1.29868,0.85527,0.462127,-1.07394,1.07189,-0.225566,1.76864,-0.673066,-1.02181,0.672704,-0.552519,-2.49149,-0.85292,0.675825,-1.01446,0.322743,-0.986691,-0.970948,-1.76709,0.771615,0.682074,0.142462,-0.964155,1.5651,0.19594,1.36192,1.36191,-0.252108,-0.191219,-2.72318,-0.499582,-0.878884,0.583749,-1.42386,-0.669292,-0.926519,-0.93868,-0.847737,0.582175,-1.15772,0.333252,0.212824,-0.313275,-0.705303,0.691615,-0.0139776,0.685593,-0.793503,0.215809,-0.929704,0.183322,0.0331638,-0.20977,1.86177,-0.289166,1.91293,0.959102,1.06502,0.767732,0.0976261,-0.58829
0.674883,-0.0713682,1.18318,-0.170101,1.22911,-0.769423,0.401146,0.902288,-0.237624,-0.64802,2.1734,0.196062,-0.249336,-0.179802,0.129479,2.01558,0.473788,-0.910918,-0.198839,-0.703131,0.973862,-0.205147,0.602726,1.54189,-1.17449,-1.34028,2.20909,-0.459991,-1.25465,0.630073,-0.750557,0.560346,0.338408,-0.486217,-0.200012,-0.54661,0.469649,0.249296,0.879278,1.25535,0.0368598,-0.350696,0.787486,2.26658,-0.297148,-0.759793,-0.577495,2.47342,1.00825,1.46406,-0.714991,-0.186848,0.0165961,1.04087,1.97135,-0.80848,-0.127252,1.41541,-0.590064,0.311684,0.594479,-0.836409,-1.41451,0.0674417
-0.0318579,-0.492814,-0.516009,-2.12353,0.117006,0.338799,1.15377,1.90413,0.301156,1.49575,0.516897,1.53188,1.88478,0.538991,1.46169,1.27697,-0.416833,0.136387,1.3213,0.0383446,0.260721,0.679866,-0.640057,-0.951121,-0.421946,-1.81433,0.430506,0.65833,-0.790262,0.466148,-1.33492,-0.848355,0.857867,-0.338384,-0.816772,-0.437431,0.497763,-0.889666,-2.57093,-0.011895,-0.424107,0.748219,-0.34599,1.54559,-0.352897,-0.3594,-0.313236,-0.178891,-0.0426092,-1.3452,-0.413814,-0.706619,-0.0670495,2.03796,0.229106,0.131978,-0.327538,1.56487,1.58892,-0.802942,0.13613,3.19795,0.646616,0.254254
-0.282004,0.385759,-1.37182,0.0117349,0.142296,-0.828746,1.28765,-0.446544,-0.482358,-0.581769,-1.93571,-0.372133,-0.301723,0.0707534,0.828398,0.760944,-0.140033,-0.606051,0.374503,0.330252,0.13957,-0.174993,-0.106613,-0.590144,0.0571453,3.19537,0.887634,-2.43466,-0.362093,0.798726,-0.486911,-1.85694,0.0884901,1.04377,-1.24839,1.19495,-0.263745,-0.959803,1.1526,-0.496019,0.440191,-0.324569,-1.59548,-0.866439,-0.746982,0.457289,1.82093,0.32355,-0.280035,0.0622621,-2.12984,1.83895,0.707947,0.885654,-0.41169,0.0728965,-0.383545,0.392464,0.61374,1.48194,-1.07409,1.14651,0.366873,-0.177514
2.24171,0.803737,0.473011,-2.0829,0.935461,0.17423,0.136308,-0.773712,1.85301,0.0815327,1.06863,0.267515,-0.869266,1.31578,-0.957239,0.834438,-0.62533,-0.817124,-0.513692,0.290675,1.60241,1.32614,0.649115,0.457202,0.533789,-0.348717,-0.187746,-0.041006,-1.15273,1.13934,0.439521,0.593773,0.738256,0.405186,0.542172,-1.25593,0.00708312,-2.32554,1.23305,0.388259,-0.114562,0.606904,1.29922,-0.777422,-0.567594,-2.06255,0.598688,-0.396268,-2.31671,0.496639,1.4523,0.75956,-0.0193971,0.463662,0.717231,0.735258,-1.19484,-0.932014,0.666434,-0.882319,0.183848,2.25671,-1.22404,-0.398661
-0.00960534,0.121039,-1.00299,0.669782,-0.751603,-0.0357911,-2.36276,-1.37101,-0.436555,0.838075,0.534034,1.28215,1.16218,1.0855,-0.760984,-0.998081,1.39004,1.03918,1.49147,-0.465664,-1.64107,0.000342906,0.589833,-0.32944,-0.814128,1.31672,-0.295031,0.115786,-0.0451404,1.5913,-1.19419,0.777158,-0.446544,-1.2204,0.428891,-0.862849,-0.518545,-0.835006,-0.241288,0.508977,-0.16198,1.07978,-0.653096,1.27211,-1.83202,0.929544,-0.712726,-0.0813896,1.09097,-0.736873,-0.894294,0.432049,0.345713,-0.279556,3.56858,-0.146453,-0.894891,-0.172152,0.89759,-1.13637,-1.95702,-0.266476,0.932972,-0.985906
0.0546408,0.658467,-1.06189,-0.631112,0.221411,-0.00230832,-0.84902,-0.989321,1.09341,-1.26151,0.9218,-0.425247,-0.651505,0.163681,-0.282637,-0.706736,-0.387688,1.68498,1.33321,-0.134909,0.544044,1.49185,-0.201929,-0.117511,0.259609,-0.863715,0.2126,-0.785623,0.106001,1.07249,-0.237577,1.01941,-0.487853,0.517575,0.832461,0.926308,2.07021,0.425691,0.87982,-0.319268,-0.313146,0.538098,2.1689,-1.7699,0.302616,0.458756,-1.13246,0.554464,-0.55375,1.47432,-1.8975,-0.591065,-0.753076,-1.30455,-0.744432,-0.0700729,1.58066,-0.0641446,0.542408,-0.124086,-0.20903,0.566311,1.14417,-0.698746
1.28764,-0.707632,-0.797578,-0.539982,-0.102437,0.0341252,-2.74246,0.187378,1.76609,0.858171,-0.606751,0.709409,1.07936,0.933918,-0.821589,-1.73812,0.846341,0.922698,-0.0757852,2.6382,0.292938,0.928287,0.503079,2.00047,-1.25793,0.540989,-0.600299,-0.376846,0.305389,0.00305387,-0.0512604,-1.55568,0.291222,0.428925,0.756742,-0.138663,1.31347,2.83041,0.501774,-1.25769,-0.471708,0.155965,0.612302,2.74614,-0.637107,0.288228,1.60789,-1.31521,-0.293939,-0.475524,0.0956524,0.266854,0.485024,0.372649,0.277384,1.43422,-0.740426,0.840346,0.667814,0.483791,-1.58937,-0.70604,-1.26962,-0.0293598
-0.209079,0.729603,0.822643,-0.509853,0.712128,-1.27843,0.346959,-2.116,0.724293,-0.317869,0.194275,0.469344,0.181812,0.76291,0.546851,0.451129,0.160725,-0.623305,-1.44718,-0.793167,-0.819612,-0.671956,-1.33133,0.544761,0.866193,-0.656147,-0.443145,1.22665,0.276698,0.282124,0.602861,0.267414,-0.459567,0.290464,-1.0212,0.408664,-0.600396,-1.33755,0.714434,0.141787,0.338248,0.443609,-0.273997,1.23604,-0.258164,-0.991443,0.0365468,-0.138661,0.212003,-1.05352,-0.138651,-0.718342,0.495573,0.91601,-0.556131,1.24509,0.470307,-1.27387,1.69648,0.904128,-0.261493,1.76108,-2.48563,2.78629
-0.783543,-0.515905,-1.0238,1.06051,0.0924175,0.797213,1.59094,0.807434,-0.518433,-0.795435,1.07233,1.39565,0.194688,-1.21555,-2.01281,-0.0399697,-1.71136,1.13802,-0.471667,-0.246891,-1.74237,0.879334,0.603853,-0.0595606,1.34184,-0.0895484,0.356521,-0.323829,2.83395,-0.725303,-1.09828,-0.794184,0.187878,0.366353,0.579759,-2.04466,1.10029,0.583376,0.697632,-0.47047,0.158284,0.298087,0.0975133,-0.939828,-1.26712,0.298701,-0.0297919,0.743247,-0.671056,-1.35545,0.716334,-0.973755,-1.85572,0.046334,0.243097,-0.409989,-0.498158,-0.413893,0.0692923,1.01472,-0.564158,0.246411,-0.411411,-2.95033
0.364657,-0.676883,0.678852,0.0804236,0.694174,0.874778,-2.03025,0.910152,0.458294,-1.02338,1.1123,1.25546,0.179357,-1.03741,1.78959,-0.537556,-1.06189,0.340056,0.111204,0.288339,0.409181,-2.28102,-1.18992,-1.39576,0.571067,1.96024,1.5798,1.49766,1.41272,-1.2709,-0.764467,1.57472,-1.843,0.516001,0.292887,1.30033,0.330712,1.65855,-0.71393,0.510242,1.04084,-0.185604,1.5485,-1.74282,0.153323,-0.0305658,0.69925,-1.01809,1.04329,0.744274,2.5735,1.83131,-1.83073,-1.10067,0.935819,0.189455,-0.427068,0.883613,0.385763,1.30503,-0.0379317,0.455416,0.028053,-0.771193
0.892191,2.17328,-0.866173,-2.06552,2.49703,0.325313,0.0762859,0.819273,0.243623,0.213777,0.104535,2.79069,2.6031,0.25362,-1.71424,-0.936939,-0.229486,-1.89684,-0.0999222,-0.441211,0.733672,0.142345,-0.341216,-0.476932,-0.309891,0.109355,-0.417733,-0.382074,0.247791,-0.342701,0.194508,-1.782,0.869087,0.102396,0.816898,0.80878,-0.195924,0.806874,-0.397816,0.342937,0.674473,-0.161987,-0.963045,0.0857897,0.422926,-1.44968,0.0513695,0.814118,-0.0335587,-0.000252568,-1.25,-0.710387,1.20439,0.94427,0.10152,1.95184,-0.408126,2.21522,-0.0326052,0.124003,-0.907118,1.40764,-0.202852,-2.11664
0.249318,-0.101232,0.50247,-0.683452,1.20916,-0.231599,1.65232,-0.937781,-0.702057,-0.749041,-0.89664,-1.3439,-0.381271,0.0627663,-1.70284,0.148583,-0.196159,-0.902831,0.491267,1.69825,-0.201478,-0.171563,2.21866,1.1847,1.92095,0.343936,0.236695,1.35409,0.581383,1.5702,0.930207,-0.765203,0.919055,-0.945135,-1.32615,-0.568653,0.531649,-0.426301,-0.965578,0.113459,0.495804,-1.68071,0.563733,-2.3792,-1.39604,1.2722,-1.11318,0.637655,0.669699,-1.0005,0.453992,1.63452,0.606057,0.433626,1.82575,0.249233,0.0693046,-0.277182,-0.0139458,-0.145427,1.94856,-0.645444,-0.576798,0.42824
-0.593732,0.442941,-0.444208,-1.57063,0.0693057,-1.95831,-1.13271,0.971931,-0.000488949,-0.329606,-0.0876793,2.41445,0.903397,0.885665,1.33868,0.646169,-0.568018,0.549202,0.0520868,0.0710786,-1.31084,0.493293,0.878406,0.321819,1.76833,0.369935,-0.0339164,-0.0862809,0.638564,-1.12296,0.65954,-2.1312,-1.79769,-0.895368,-0.192749,1.54894,0.888823,1.14518,0.262019,0.818941,0.884698,-0.457971,0.820247,0.543513,1.31892,-0.900646,-0.554095,0.41719,-0.00745866,-0.242205,0.963569,1.12309,-0.293088,0.602527,-2.67088,1.2544,-1.53035,0.497015,0.389439,0.833302,-0.635871,-0.989622,-0.831543,-0.696721
0.938338,1.49259,0.0199195,0.837818,-2.00674,-0.32564,0.212408,0.502052,-0.513402,-0.537342,-0.104009,-0.813993,-0.191596,1.62936,1.28644,-1.90736,2.8283,0.082134,-1.97274,-0.944548,0.616071,0.375984,0.0329175,-0.14423,0.842258,-0.659957,-0.758075,-0.364246,0.999862,1.82386,-0.541527,1.47839,0.521068,-1.17311,0.937869,-0.886793,-0.41472,-0.692405,-1.19853,1.96228,-0.437086,0.950937,-0.0717433,-0.230915,-0.164533,0.310135,0.801982,0.096008,1.36172,-0.299772,-1.43235,0.48573,0.334387,-1.14668,-0.109371,-1.58997,0.260281,0.0905506,-1.302,0.603946,-0.0285855,1.7064,-0.0872401,0.817139
0.0993173,-0.840881,-0.760564,0.883934,2.41906,0.649307,-0.873737,0.572064,-0.734481,-1.42333,2.31012,1.03829,-0.155336,-2.16825,0.53341,0.55597,-0.260754,-0.035536,-0.638972,0.130777,1.07068,-0.280952,-1.61223,-0.910154,-0.516781,-0.272668,0.035054,0.955717,1.10912,-0.656303,1.14836,1.25521,0.768869,0.539784,1.31661,1.22696,-0.168248,0.00720741,-0.587243,1.55003,1.14882,-0.213005,-0.111392,0.0321985,-1.42872,-0.312089,0.146583,-2.28493,0.912821,2.82968,1.11637,-0.853542,-0.0220606,-1.01945,1.93302,1.04368,-0.549907,-0.690829,-0.676152,1.35039,0.64631,-2.24463,1.0133,1.85775
-1.92815,-0.153599,-0.572033,-1.37296,-0.504455,-1.21839,0.0464409,0.0734464,0.260961,0.880346,0.870522,0.0973831,-0.364672,0.017889,0.961218,-0.447662,-0.720195,0.704777,0.805468,1.37048,1.65423,-0.286581,0.917896,-0.889572,0.395849,-0.0078795,-0.386855,0.960061,0.681958,-0.290032,0.501006,1.31503,1.03018,-1.30904,1.09945,-0.592857,-0.322059,0.767827,-0.468202,-0.622674,0.36077,2.49312,-0.450468,-0.173015,0.729074,-1.71601,-0.160427,0.603656,-0.20126,0.239403,-1.05728,0.136834,1.39985,0.0965128,0.84544,-0.960383,-0.481781,-0.0482165,0.100903,-0.421111,1.04443,0.401527,1.30124,-0.321779
-0.153183,-0.260537,-0.829535,0.748359,0.676562,0.805672,-0.0635215,0.352761,0.162876,2.58907,-0.139619,1.31534,0.18984,0.0341373,0.712319,0.715397,0.575514,-0.205271,-0.676753,1.66034,0.193695,-0.373783,-0.949826,0.187935,2.10666,0.0778437,2.2212,-0.0758219,-0.391716,-0.520212,1.43536,-0.612285,1.1473,-0.6429,-0.70437,-0.66514,0.0986306,0.0714158,0.828115,1.55218,-0.955142,2.92656,-0.976157,2.30904,0.218312,1.6061,0.44633,-2.03961,0.621858,-0.248675,0.0995476,-0.293833,0.923367,-1.38325,-0.352237,-0.723392,0.591717,-0.755975,-0.11044,0.210704,0.900156,-0.276797,0.191292,1.86855
-0.0777835,0.117242,-0.493346,0.71555,-0.141334,-0.0438395,0.319378,0.388389,-1.96773,0.144598,-0.47053,1.5051,-0.439151,-0.987137,-0.397091,0.163417,0.497845,0.7707,-1.01937,0.451159,0.942317,0.054557,0.573807,0.517914,0.12753,0.274619,0.266383,-0.889137,-0.5231,1.0181,1.12995,0.377145,-0.88409,-0.173707,-0.734107,-0.133406,0.548715,1.03958,-1.52958,0.916168,0.94669,0.0475599,-1.16379,1.90741,-0.0801132,0.855185,-0.337444,2.53329,-0.592581,-1.21805,0.0808005,-0.0361437,-0.492966,-0.528501,-0.72178,-1.51256,-1.32585,-0.66364,-1.62344,2.16776,0.706172,-1.58863,-0.221593,1.09992
1.44519,-1.05561,1.15225,0.309,1.04605,-2.89216,1.44935,1.74263,1.36354,-0.240618,-0.332816,-0.962459,-1.64763,0.760276,-2.23084,0.298166,-2.07627,-0.218414,1.0497,-0.262815,1.76676,-1.3015,-0.0837425,-0.574179,1.29477,0.520945,2.17196,-0.211966,-1.01105,-1.59045,0.813677,-0.828929,2.13957,-2.16181,0.129542,-0.0863533,0.450608,-0.826643,0.561506,1.29833,0.217306,0.948577,0.346255,-0.981042,0.378544,-1.70463,-0.0949386,-0.211043,0.816639,0.112632,1.34198,2.17749,-0.749316,-1.79947,-0.947328,-1.0921,-0.302149,0.369081,-0.510991,1.89494,-0.583661,1.35129,-0.886869,-0.596433
0.458112,-0.795348,1.24553,-0.268433,-1.01932,0.95199,0.645892,-0.456171,-1.04015,0.686195,-0.542365,1.56315,-0.256955,0.135261,-0.419514,-0.0502104,0.674061,-1.33391,-0.448445,-0.396323,0.215132,-1.39667,-0.847225,-1.35506,-0.464673,-1.39498,-1.76167,-1.75615,-0.264736,-3.06007,0.933166,-0.0493828,-0.0346782,0.670975,-0.164166,-0.87387,-1.69372,0.75542,0.873905,-1.01857,0.670084,1.17863,-1.22619,0.190817,-0.179065,-0.234278,-0.708287,-2.60808,0.260833,-0.532683,1.97261,0.67503,0.260083,-0.503187,-0.243892,1.7261,1.04282,1.94316,0.82099,-0.235292,-0.699457,0.469611,1.07773,1.04219
1.35392,0.0761147,-0.312473,-1.45011,1.44691,0.717987,-0.0561607,1.80736,1.51535,-1.70947,1.03688,-1.30715,0.634393,-0.423779,-0.858642,-0.256311,0.524292,-0.478613,0.0527038,-0.0352543,-0.826008,0.608181,0.1813,1.16478,-1.39688,0.396933,-0.993271,0.2856,-2.7459,0.995613,-0.646869,-1.36839,0.365537,-1.08976,0.640384,-2.46981,-0.445892,0.42255,1.75615,0.774309,0.623209,-0.0245477,-0.207598,-1.27782,-0.328577,0.493888,-1.74205,-1.8266,-1.18546,0.961879,-0.0460689,-1.4633,0.164423,-0.201239,1.10334,1.10029,-2.03564,-0.14501,-0.761839,0.504293,-1.03554,-0.748686,0.561718,0.804899
1.17721,0.0453155,-0.601519,-1.11349,-1.31424,-0.042342,0.111701,-0.927343,-2.01001,-1.58144,0.220985,-0.082036,1.63911,1.27876,1.36207,1.61689,0.215735,-0.122242,-0.353429,-0.901427,-0.768863,1.05808,0.241782,0.0518052,0.287895,-0.0497415,0.91633,0.967062,-2.69789,0.368841,0.66479,-0.499161,-2.11565,2.26861,0.268349,0.215735,-0.491112,-0.746521,0.679578,0.607793,0.181065,-0.774309,-2.35808,0.604826,1.83808,-0.707876,2.34493,0.915361,-0.165823,-1.30261,0.626158,1.95562,0.777396,-0.782035,0.696727,0.888131,-0.306883,0.24327,1.36252,0.21623,0.273218,-0.367263,1.89253,-0.983209
-0.938396,1.05563,2.12781,0.0358478,0.732876,-1.6359,0.473171,1.38683,0.332253,-1.49203,-1.24661,-1.11502,0.49336,-0.648586,-1.13561,-1.42643,1.09064,-0.609236,1.07751,1.22716,-0.146202,-0.723855,-0.802719,2.05445,-0.83051,1.35553,-0.253963,0.376459,-1.26922,0.989863,-0.965291,-0.318263,1.13139,1.00224,-1.63046,-0.835591,-0.215491,1.86383,1.24909,0.455335,2.49862,0.550095,1.92679,-1.77139,1.2599,-0.643751,-0.130979,-0.205117,0.0230787,-1.60606,-1.09325,0.672588,-0.112622,1.55377,0.128628,-0.142252,-0.375303,0.456498,-0.149223,-1.33137,0.640893,-0.742505,-0.448366,-1.12534
-0.117498,-0.00728051,-0.427114,1.25362,0.919489,-1.34468,0.93252,-0.934316,1.16113,-0.0818748,0.315406,1.11558,-1.54704,0.963459,1.9089,-1.1392,0.00160225,0.199279,0.594457,-1.73982,-0.738381,0.707275,0.0605909,-0.681549,-0.693079,0.448767,-0.56711,0.505276,0.854572,-0.0695277,-0.451515,1.16918,1.37027,1.84623,-0.994804,1.46768,1.4228,-0.148826,0.213907,-1.24121,-0.355168,0.628474,-0.548282,1.28204,1.14529,-0.11609,0.83795,-1.18395,0.520793,0.909982,0.377443,0.727147,-0.963337,0.113299,1.92388,-0.984491,0.22958,0.679539,-0.0181039,-0.702008,0.332966,-0.241011,0.568847,1.12243
-0.171943,-0.416817,-0.39337,-0.24755,0.0267396,1.03495,0.144471,-0.769928,-2.41472,-0.510069,-0.370849,-1.31887,0.505779,-0.593703,-0.529244,1.58444,-0.0767052,0.68101,0.404846,0.0587243,-0.221044,1.32423,-0.154134,1.3905,1.22813,0.344754,-2.23763,-0.768871,0.894529,-0.534183,-0.266036,-1.16986,-0.43662,0.129807,0.415141,-0.582948,-0.283635,-2.02807,-0.181624,-0.234443,-1.59954,0.44777,1.43262,-0.590496,0.441138,0.386962,-0.114102,-1.34635,-1.63844,1.27198,1.28417,1.24794,-1.12859,0.933991,2.14864,-0.803388,0.162191,1.07018,2.38351,-0.858518,-0.738114,-0.519598,0.957147,1.90705
-2.03251,0.17098,-0.206715,-0.147635,0.519519,-0.0484849,0.86342,-0.00171432,-0.773973,-0.287753,0.863618,-0.730695,-1.01661,0.525477,-0.287731,0.774738,0.210905,0.374301,-0.0659127,-0.323568,0.173573,0.23441,-0.262576,-0.264295,1.61474,-0.361864,1.12759,-0.110712,-0.679818,0.202146,0.109855,1.32788,1.46482,0.121723,0.492591,2.04336,-0.780451,0.263665,-0.692692,1.21345,-1.77177,-0.702887,-0.25059,-1.28053,-0.656582,0.431631,-0.0260853,1.96297,2.07246,-0.564861,-0.174308,0.859085,0.00146713,1.8015,0.301878,0.482359,0.38203,0.516427,-0.350684,-1.06729,0.154482,0.240291,0.766369,-0.459495
0.964619,-1.4538,-0.948614,0.123781,-0.0593615,-1.90821,0.463797,-1.38104,1.58402,3.04067,-0.0155885,1.10014,-2.22829,0.952513,0.433706,1.29494,0.375554,-0.359337,1.56855,0.239156,1.07263,-0.78356,0.56739,-0.552033,-2.51951,0.676959,0.858471,1.03196,0.407149,0.27431,0.560246,-0.192785,-0.237571,0.42119,1.06219,-0.960092,0.581803,-0.610552,-0.36987,0.278273,0.8159,2.99343,1.04329,-2.08576,1.11486,1.73079,0.844632,-0.706492,0.0488412,1.63221,-0.336435,-1.29482,-0.0936049,1.02367,0.454246,-0.671594,0.563646,-1.40535,-1.03876,-1.42854,0.718009,0.550596,1.30955,0.976572
-0.432483,-0.100804,1.44042,2.49628,0.960339,0.566516,2.45339,-0.290773,-0.186966,-0.584286,0.393223,-1.64758,1.08235,-0.81274,-0.831913,0.311956,-0.299869,0.525544,-0.488815,-0.145786,-0.388173,0.194581,0.426908,0.0393904,0.847969,1.00837,0.834241,2.03033,1.01769,-0.980729,0.145149,-0.486213,0.0816766,-2.05574,1.86796,1.2621,-0.992718,-1.02757,-0.529417,-1.04826,-1.22547,-0.3359,2.62946,-0.553815,-1.3909,0.835433,-0.524516,-0.507729,-0.792441,0.453447,-0.738538,-0.199927,0.684602,-1.08077,1.58694,0.698968,1.26205,0.962583,0.168122,1.00655,-1.72803,-0.581627,1.30937,0.0592347
-0.418618,-0.0655581,0.234194,0.479559,-0.26747,0.895962,0.193791,-0.445446,0.947011,-0.749183,0.529411,-0.230503,-0.976009,-0.345658,0.181031,0.109414,-0.131504,-0.599056,-1.22395,-1.49898,0.263378,-0.164566,-1.31761,-1.13715,1.80396,-1.45531,-0.692923,-1.71641,-0.147816,-0.861048,1.76554,1.69407,-1.35155,-0.431076,-0.383237,-2.24925,0.00524332,0.694219,0.844603,-0.283017,0.082591,-0.565824,-0.896545,0.443699,0.878374,-0.835579,-0.394853,-1.0281,-1.43109,-0.493823,-0.294382,0.658178,1.32293,-1.25495,-0.204643,-1.19986,0.517041,0.177184,0.373925,1.01181,0.217651,-0.586649,0.997532,-1.56835
0.767844,0.0977743,-0.333023,0.0366072,0.628455,-0.784204,0.666169,1.09786,-1.75379,-0.711912,0.254048,1.98151,-0.106874,-0.359012,0.949512,0.448919,-1.38628,1.57758,1.07666,-1.18374,0.176761,1.41197,1.43206,0.107849,-0.672149,-0.711274,0.39291,0.18779,-1.77801,0.408451,0.459565,0.100907,1.35116,-0.00991787,-0.0663133,1.15013,0.17757,0.210853,0.038618,0.671448,0.297273,-1.09564,-0.0457782,-1.47957,0.909772,1.38489,-0.402296,-0.510083,1.13093,0.754541,-1.71794,-0.300378,1.35373,-0.201652,0.184639,1.11596,1.23648,-0.332954,-1.82925,1.64823,0.757549,0.498244,1.6649,0.196104
0.912044,0.183137,-0.226222,0.978222,-0.795817,-0.163906,-1.68979,-1.0462,-0.42328,-0.427833,0.487871,-1.64367,-1.23889,-1.83434,-0.273409,0.91909,0.311941,-2.65726,0.319298,-1.53295,0.295344,-1.95955,2.37159,-0.934202,0.163591,-0.660079,0.00970984,-2.31047,-0.411047,-1.27692,-0.36654,1.04811,-0.56399,0.565577,0.752131,-0.940475,-0.145987,0.594885,1.00313,-1.79003,-0.290326,1.15314,0.312605,0.104952,1.58202,-0.762117,0.286033,1.47357,-1.1923,1.4084,-0.259706,-0.312344,-0.0536137,0.0110669,0.659126,-1.58013,1.59468,0.248347,-1.38984,0.650006,0.197591,0.56075,1.07961,-1.65025
-0.76584,1.62402,0.517014,1.03688,0.518922,0.248969,0.569869,1.27148,0.0309921,0.165215,1.10636,-0.259378,0.381502,-0.526133,-0.195938,-0.423243,-0.861302,0.177587,0.880773,0.618129,1.31925,0.143284,-1.57923,0.521008,-0.119727,-1.04874,-0.338194,1.33852,0.0339521,0.610526,-1.24416,0.123212,-1.61091,-0.0412497,0.113492,0.777693,0.810366,-1.31175,0.674637,-0.160175,-1.5079,-0.51128,-0.278645,-0.578181,-2.0192,0.72832,0.191776,1.00228,-0.224221,-0.792599,-1.01923,-1.86274,-0.60291,-1.34477,1.83542,1.01908,-0.143776,-0.927714,-1.73019,1.49615,0.192414,-1.01221,-2.04018,-0.0212348
0.260763,1.58907,1.07089,-1.07402,0.994735,-2.37463,0.77275,1.9014,1.53409,1.14932,-1.03598,-1.49856,0.132587,0.184972,0.455316,0.533961,0.276249,1.42715,-0.647717,-1.34599,0.275872,-0.429207,0.334001,-2.2224,-0.221257,-0.0508277,1.1615,0.0390631,1.92665,-0.79089,0.124311,-1.23485,-0.694788,-0.663856,0.301712,-1.12976,-1.20804,-1.4909,-1.58072,-0.0373466,1.19594,0.9178,0.780195,0.935522,1.81168,-0.507093,-0.524142,0.0384757,0.539821,-1.64729,0.0583643,-0.173954,-0.127534,0.390512,1.1715,0.290582,1.18204,-0.2279,-0.101812,1.01753,-0.726069,0.412162,-1.08151,1.31343
-0.248062,-0.665818,-0.277762,-1.93867,-1.76843,-0.606571,-0.687732,-0.712598,-0.363728,0.072832,0.0427207,0.65074,-1.84268,1.07553,0.134672,0.184091,-2.02583,-1.16741,-1.49387,-0.558267,-0.161401,-1.19313,-1.57132,-0.107996,-1.66837,0.842916,-1.43003,-0.572008,-0.773673,0.964625,2.01945,0.976323,2.09321,-1.11266,1.42307,0.170901,1.93619,0.17179,-1.69222,-0.908148,-0.308614,-0.85004,0.834674,0.965606,-0.956942,0.00163661,0.323269,3.09545,-0.327458,0.67627,0.0553392,1.13247,-0.367113,0.0665606,-0.0931155,0.000604998,0.354181,-0.117236,-0.923188,0.588685,1.51939,-1.16757,0.779025,0.0150029
-0.823255,-0.513242,0.692755,0.871075,0.255511,-1.83276,-0.206904,-1.73771,-0.970599,1.49374,0.340508,0.97177,0.510484,1.43794,0.102295,0.670208,-2.39316,0.11622,2.19781,-0.000632396,-2.65432,-0.406076,-0.685232,-1.03099,-0.426463,0.0416529,-1.1878,0.638905,1.14846,0.428922,1.50832,-1.95714,-0.653177,1.48578,0.297372,-0.55339,-2.01676,2.30552,0.763831,0.0598759,-0.0663569,1.56952,-1.21582,0.088163,0.0125515,2.34124,-1.35448,0.10244,-0.219171,0.492727,0.587926,-0.23344,-0.48564,-0.862554,-1.88409,-0.799238,-1.49703,-0.349218,0.212128,0.860159,-0.800498,-0.501772,-0.523443,-1.47141
0.0104933,1.16743,0.46376,-0.793951,-0.755579,0.402572,0.864352,0.462923,0.619195,0.544778,-0.377138,0.209338,2.33255,1.18889,0.310875,1.17783,0.297264,0.545893,-0.522441,-1.27556,-1.18013,1.30696,1.30154,1.8907,-1.33346,-1.35092,1.6527,-0.258474,-0.333299,-0.808771,0.597816,0.380479,-0.521659,-0.436106,1.24297,1.82735,-0.752182,-0.497444,-1.19504,1.45744,0.815444,-1.12445,0.510122,3.45776,-0.355338,-0.47909,0.24553,-0.429467,2.2283,0.601267,0.141105,0.881634,0.468059,-0.480453,-0.750156,0.398479,-0.505216,0.0692361,0.888626,1.0816,-0.615637,0.169301,-1.50533,0.567728
-0.106119,-0.751168,1.8818,-1.75893,-0.0296046,0.213152,-0.933572,1.21549,-0.10335,-0.076679,0.732625,-0.939007,-0.258632,0.293285,1.03354,0.168825,0.406939,-1.5492,0.650565,-0.10299,1.27754,-0.0562517,-0.0704776,0.243193,0.0662016,0.244288,0.193205,2.01478,-0.995234,1.80229,0.734824,0.458503,0.211243,0.797949,0.866531,-1.16032,-0.773596,-0.607395,0.986846,2.70501,0.752551,-0.273129,0.812137,0.832623,0.160681,-0.160884,1.01451,0.309663,-0.0761801,-0.904855,0.0127056,-0.509957,-2.12444,-2.26328,-0.626857,0.787911,1.16817,0.567776,1.8113,-0.216499,-2.1322,-0.33097,-1.19589,0.422165
0.146773,1.48404,-1.22974,-1.55398,-0.897068,-1.25477,-1.62295,-1.32161,-0.50346,-0.40004,1.64642,1.14508,0.99212,0.0610345,-1.9045,0.464181,1.54859,-0.453784,-0.494665,-1.34366,-1.5009,-0.646376,-0.243912,-0.839351,-1.89081,-0.548325,-0.697166,-0.697485,-1.12811,-0.205128,0.0390736,0.738396,1.25508,0.955035,-0.0409807,1.08351,-0.819176,1.37495,-0.202862,-1.31332,0.37754,-0.294675,-0.426307,-0.593444,-0.104806,-0.242262,0.0537695,-1.43116,-0.0975189,0.701396,-0.2969,0.363458,1.56937,0.420999,-0.512423,-0.277229,-1.46914,-0.435385,0.145626,0.217668,-0.34675,-0.491472,1.22049,1.16921
0.132122,-1.58656,1.69634,-0.723185,1.25583,-1.03574,-0.0285682,0.380843,0.515802,-1.79504,0.971858,-0.699299,0.566784,1.01887,-2.19343,0.281585,0.0329201,1.2256,-0.270385,-0.208417,-2.68838,-1.8846,-1.97844,-0.357006,0.269059,0.245715,0.119109,-1.25884,-0.26255,3.02283,-1.75391,1.13155,-1.62453,-0.356351,-0.228386,-0.325936,-0.262537,-1.54606,-2.41865,-0.196059,-0.224468,1.13298,2.04809,0.821436,1.4839,-0.428218,-0.372132,0.649476,-0.544573,-0.679714,0.0870001,-1.64908,0.610292,0.112138,0.32463,-0.908471,-1.85166,0.791846,-0.0585673,0.901575,0.368687,-0.800991,0.0422283,-0.370331
0.0717723,1.93983,0.192432,-1.56806,-1.10324,1.22195,2.14676,-0.0149474,-0.898252,0.223617,-0.557511,-0.965861,-0.093116,0.999275,-1.02169,0.421082,0.651835,0.814808,-0.308251,0.683289,-0.242692,0.366464,0.218989,0.617504,0.761728,0.0828248,2.57391,-0.0581885,-0.334073,0.235167,-0.42737,-1.50145,-0.426992,0.176006,-0.762812,-1.68645,-0.733423,1.23531,-0.33882,1.64642,-2.29558,-0.608101,-0.440442,2.63841,1.05525,-1.42126,0.498357,-0.03673,-0.139047,0.771435,-1.78781,0.767353,-0.475346,-0.63968,0.417074,0.546108,-1.01406,1.8575,0.40002,1.45354,-1.41342,-1.66979,-1.12988,0.766182
-0.169085,-0.943016,0.207226,0.401358,0.058838,0.548139,-0.375987,0.117371,0.146371,0.028028,-0.0886282,0.530138,-0.508542,0.422201,-0.228674,-1.4103,-0.529567,0.868662,1.55858,-0.863422,-0.966865,-0.481545,-0.417102,0.845233,-0.930864,-1.27728,0.134254,0.236109,-0.471151,0.332216,1.10721,1.55893,0.527757,-0.110912,-0.824942,1.3869,-0.359071,-0.565656,0.836491,-0.16965,0.308182,-0.513968,0.0722264,-0.0292885,1.04555,0.716283,-2.44318,-0.522379,0.213108,2.10103,-0.193887,-2.88549,0.966169,0.0357067,0.905527,-0.0584834,-0.718696,0.513577,0.736018,-1.10737,-0.0684877,2.99621,-0.104229,-0.972255
-0.629683,-1.20967,-0.182167,-0.78366,0.00861165,0.374003,0.294863,-1.52591,-0.259719,0.113097,-0.424054,0.15896,0.283768,1.69065,-0.434434,-1.0391,0.270121,0.986956,1.08646,0.283866,0.0539039,-1.18957,0.886002,-0.00463399,2.27271,0.333522,-0.753176,-0.0571836,0.560613,0.301813,0.0576546,-0.570482,-0.71679,-0.0581152,1.01006,0.489128,0.473083,1.07427,1.61016,2.0655,-0.540861,1.06422,-0.725034,1.18287,0.958015,0.0336516,0.79331,-0.471014,-0.80213,0.407473,-0.475138,-0.0538646,-0.884398,-0.0237067,-1.29572,0.122868,-1.07114,2.33001,0.0306965,1.41941,-0.67705,-0.429271,1.26687,0.276247
-0.2847,0.437062,-1.57354,-0.201783,2.22074,0.796126,0.150883,0.359093,0.591403,-0.868239,-0.176051,-0.939536,-0.105214,0.611391,0.423499,0.700273,0.20292,-0.516327,2.10395,-0.942994,-0.0551229,-0.544536,0.521751,0.374934,-0.397858,0.406623,3.14803,0.310121,-1.33694,1.53083,-0.318602,-1.00702,-0.0387135,-0.0529661,1.52568,0.634576,0.23082,1.22412,-0.178578,-1.39066,-0.282252,-0.57152,-1.02307,-0.974537,-0.0372146,0.379169,0.00948069,-0.378737,0.793795,0.23533,0.796547,-1.00924,0.505373,0.779687,0.628868,0.88477,0.220487,0.0985265,0.0404215,0.994215,0.27931,0.0225855,1.95223,0.0330542
-1.35439,-0.875325,-0.0660895,-0.169699,1.62393,-0.0499112,1.30519,-0.382066,-0.960272,-0.770585,1.19761,0.330714,2.07237,0.435238,-0.659309,-0.0249475,0.737751,-0.274366,1.94346,-1.47004,1.32778,1.00543,-0.54472,0.982099,0.431861,-0.176785,0.0509374,1.2671,-0.97775,-0.954422,-1.54954,-0.0790306,0.967601,0.332382,-1.48658,1.44809,0.572878,-2.20016,1.95453,-1.41164,1.19166,-0.116641,-1.69802,-0.54411,-1.12327,-0.425578,-0.0881539,-0.634847,-1.17864,-0.549882,1.32142,-1.34913,1.19108,0.738098,-1.06841,-0.91466,0.587463,-0.0635338,0.497409,0.651423,1.36509,1.33016,1.709,-1.41406
0.439797,0.242079,0.83334,1.02072,0.356623,-0.0845597,-1.18773,0.443408,-0.512841,0.692184,0.463211,0.482056,-0.535286,-0.269193,0.299349,-0.0580726,-0.542932,-1.3292,-1.45374,-0.855165,-1.06176,0.0672727,-0.358254,0.614212,-0.0904826,0.434246,0.291831,0.768503,0.200535,-0.983469,-0.297201,0.103449,-0.661897,1.39296,-0.917576,0.555372,0.35456,-0.977723,-0.195324,1.02144,-0.298699,0.298087,-2.54138,0.361129,-0.654806,1.08094,0.256501,-0.199974,-0.240396,-0.617377,1.12789,0.394784,-1.44122,-1.23137,-0.52796,-2.14117,-0.273033,0.740612,-0.500808,0.136504,-1.08838,1.11067,0.300032,-0.199536
-1.42827,1.96667,0.442634,0.0936181,0.709116,0.133859,0.918779,1.65104,1.22141,1.24925,1.66045,-0.0809189,-0.347915,0.0431012,2.10739,-0.0891979,1.77229,0.210186,1.5348,2.11795,0.755093,0.376431,0.506915,0.597783,0.664059,0.331727,-0.0417856,1.04652,0.472668,-1.50174,-1.35933,0.0850759,0.0575001,-0.118964,-0.622992,-2.31892,0.442838,1.20392,1.36591,-1.23093,-1.56583,0.484648,0.80577,0.0353894,-1.18085,0.277756,1.36047,-0.301607,-0.180513,-0.0588458,-1.44332,-0.568797,-0.819364,0.2628,-0.0837549,-0.24796,-1.79351,0.261478,0.699777,0.9965,0.860984,-0.579251,-1.54709,-0.601839
1.87662,1.43265,1.43629,-0.164897,0.278495,0.722248,1.29153,1.70625,-1.23996,-0.905506,-0.45199,0.392468,-2.06509,0.191953,-0.710192,1.13357,-0.216556,-1.72278,0.35359,-0.434901,-0.268675,-0.128107,0.609607,0.36139,-0.779211,-0.6209,0.977847,-1.76284,0.462755,0.570654,0.840762,-1.72598,0.486566,0.319972,1.31868,-0.624406,-0.281314,0.0171323,-0.29679,-1.82883,-1.15142,-0.540223,0.134745,-0.0500108,0.761801,1.60627,-0.804501,0.236084,0.425915,-1.85399,-1.17153,-2.66811,1.55638,0.711549,-0.169068,-1.84692,-1.88295,0.314408,-0.258451,-0.537646,-0.553741,-0.552873,-1.00179,-0.85056
-1.04129,0.0530113,-0.497985,0.295785,-0.320734,1.35267,-0.402694,-0.104484,0.230777,-0.864331,-1.79229,0.42271,0.911213,-0.0650493,-0.1109,0.0268123,1.0173,-0.164021,1.24507,-0.176716,2.47459,-0.226397,-1.84519,0.818335,-0.386599,1.35407,0.518944,-0.534431,-1.14523,-2.01051,-0.110524,0.195564,-0.248447,-0.0199412,-0.683083,0.399358,-1.72646,-0.287688,-0.372883,0.197439,1.23267,-0.845031,-0.230372,0.192056,0.04017,0.95368,-1.4024,0.882544,0.393774,-0.661517,-2.43415,1.2171,-0.736388,-0.638865,-0.746495,0.542435,-0.335362,-1.1379,-1.2378,1.08761,-0.659128,0.209344,-0.611786,0.0458057
-0.746104,0.572108,-1.00437,-0.467211,0.447175,0.217873,0.0976864,-0.0157286,0.637954,-0.28323,1.20535,1.40855,1.70122,0.431903,-1.08911,-0.125455,-0.490507,-0.0238828,-2.37584,0.434035,-1.54253,-0.733963,1.13591,0.150449,0.592557,-0.0470981,0.769992,-0.780559,0.574814,-1.2436,0.253814,-0.796937,0.416461,0.272482,-0.0377384,0.103169,0.862836,-0.271204,0.179612,-0.253804,-0.788148,-0.0582211,-0.0408649,0.77843,-0.434342,1.40244,0.484981,0.601712,0.874426,-1.60796,-1.10448,-0.648015,0.245955,0.977421,-0.160944,-0.47232,-0.376966,-0.217765,-0.952094,-0.183321,1.9078,0.40526,0.262482,2.01554
-0.413329,-0.323124,-0.513653,0.546723,0.621106,-0.169528,-0.297033,0.167827,-0.822076,1.62424,-0.47226,-0.838566,-0.00445113,1.31325,0.300071,-0.561881,0.754199,0.980815,2.35764,-0.33833,1.31349,1.22615,-1.20851,0.0355171,1.20844,2.08092,-0.509723,-0.0721055,0.504567,-0.047408,-0.154007,1.56439,-2.57711,-0.185745,-0.129702,-0.735546,0.0712385,-0.537211,0.574015,-3.19227,1.1164,0.597666,-0.396332,0.15821,-0.365712,1.03364,1.64975,-0.16064,1.36068,-1.22582,-0.807775,0.0471105,-2.57997,-0.611147,-1.58766,-0.14212,-0.979988,0.690497,0.375605,2.10872,1.6569,-0.0122628,0.0976389,0.00206878
-0.608869,1.46044,1.04135,0.00407015,1.59147,0.252652,0.392842,0.607084,1.00236,-0.357711,-1.26823,1.1837,1.33773,-0.509551,0.19878,-0.86471,0.554807,-2.17825,-0.957598,-0.487307,0.369823,-1.26298,-1.66238,0.0463925,0.433078,0.739038,-0.667569,-0.354531,1.51111,0.352761,-0.602092,0.262835,1.9977,-1.24631,0.397359,-1.2645,-1.03082,-0.049981,1.2629,-0.0745574,1.51654,-1.15804,0.637458,-0.597706,-0.307505,-0.0634837,0.744711,-0.737416,0.614167,-1.41151,-0.939454,0.776506,-1.13287,2.07104,0.686915,0.779105,1.08011,-0.376004,0.397813,-0.215473,-0.44397,1.56521,-0.016724,0.441341
-0.646296,-0.446043,-0.280175,-0.978428,-0.894552,-1.63564,-0.00658225,0.922449,-0.610415,1.31457,-0.987648,-1.57656,1.27247,-0.642742,0.509077,0.908481,-0.555089,-1.38444,-1.16795,1.2406,-0.230932,0.79763,0.567771,0.785701,-0.687769,1.07704,0.752529,-1.43011,0.791977,-2.23511,0.512377,-0.657967,1.0335,-0.131924,-0.0298944,-1.28253,1.37596,0.501107,-0.374568,0.613419,-1.36892,-0.54505,-0.240971,0.346582,-1.01872,0.319292,-1.31664,1.07139,0.177008,2.48071,-0.707797,1.39798,-0.409302,-0.20368,0.402305,1.49044,-1.66415,-0.124233,-1.02788,-1.15518,-0.79199,2.7232,1.45954,0.773227
0.00119567,0.490267,0.552385,1.70179,0.630065,1.92327,-1.40937,-0.894466,-0.324653,-1.35316,-1.59147,0.493829,-0.939864,-1.75717,1.89588,-0.326799,1.33218,0.113416,-1.25484,1.20805,-0.907249,-0.349719,-0.29611,-1.714,0.0478831,-0.709608,0.114729,-0.119204,-0.699168,-0.734115,-2.11633,0.398008,-0.0257624,-1.74429,0.938651,0.112546,1.26412,0.713077,0.601266,0.747388,-2.32494,1.03272,0.854429,0.640253,-1.54635,0.200762,0.307662,-0.20199,-0.682911,0.0445912,0.594916,-0.628098,-1.6781,-0.960202,0.730378,0.634956,-0.491383,1.08405,1.14915,0.102342,0.755257,0.794099,-0.180474,1.76684
-0.739397,0.390509,0.148894,-0.698246,-0.0751658,-0.00559762,0.0589541,-1.53366,-0.887535,-0.216164,-0.0461006,1.2315,-0.178443,-0.917582,0.753429,1.7213,-0.113351,-0.484985,-1.50088,1.5379,-0.946727,-0.467307,-0.700562,-1.36085,1.08867,-1.00906,0.511279,-0.980246,-0.137437,0.536513,-0.526727,0.870999,0.805301,-0.691985,2.85909,1.79396,-0.404453,-1.57771,-0.5484,-0.660079,-1.08683,-0.0549739,1.67235,1.01785,-0.494525,-1.2288,-0.509249,-0.388199,1.75286,0.553632,1.2872,1.60909,1.0854,-0.455676,1.02511,0.608942,-0.775199,0.857098,0.625565,-0.622889,-0.403242,0.203716,-0.85841,-0.856878
-0.519423,-0.445958,-1.16856,0.669346,0.366006,0.872379,-0.478168,-0.456549,0.692017,-0.26212,0.134336,1.54505,1.25396,1.04742,1.42366,-1.35908,0.40534,-0.285062,1.95479,1.24238,-1.71118,0.415991,-0.026615,0.5396,-1.81302,1.73549,0.0602785,-1.45926,1.26123,0.544141,-1.65853,-0.478105,0.0169828,1.20093,0.560018,-0.66862,-1.41126,0.276843,-0.519587,0.872286,-0.680242,0.195475,-0.342277,-1.82428,-0.757502,0.953729,-1.52322,0.145304,0.301867,0.92799,0.0415917,-0.611247,1.18433,-0.365746,-1.36978,0.644491,-1.08907,-2.54808,1.23395,-0.0765789,-0.299174,0.68061,0.323561,1.22775
0.00948113,-1.69417,0.8556,0.481577,-0.726224,0.174578,1.38713,0.182075,-0.228637,1.92569,0.0504139,-1.23879,0.443019,-1.63654,-1.55297,0.412995,-0.661408,0.423659,-0.0900066,-2.08571,2.31901,1.25308,0.332023,-1.28507,-0.774879,-1.02529,0.170479,1.21783,-1.58647,-0.727812,-0.700029,0.0501631,-1.17069,-0.95353,-0.447191,-0.694396,0.686875,0.284747,-0.0587959,-2.33618,-1.04006,1.86762,0.0194034,-0.659086,-0.642942,1.31116,-2.44064,-1.06233,-1.12087,0.000101705,-1.68751,-0.175511,1.84424,-0.0502655,0.172853,-0.000585222,0.138937,-0.858241,0.772575,-1.29786,1.06624,0.012816,-0.645565,0.114642
0.726047,1.02761,0.0831633,0.697307,-0.821551,-0.60329,0.655273,-0.64757,0.695328,-0.793504,-0.00393852,0.416534,-0.032977,2.1059,-1.31275,-0.545636,0.0404224,-1.86454,-0.751617,-0.624842,-1.26944,-0.63239,0.344544,1.26146,-1.71333,0.683459,0.59632,-0.863531,-2.27113,0.521683,-1.24596,-0.359434,-0.217398,0.274342,-0.642795,-0.738314,-0.534049,-0.0985617,-1.43191,-0.950011,-0.75114,-0.315272,0.761302,-0.172186,0.684683,1.05846,1.25394,1.41296,-0.877644,0.786467,-0.0832592,-0.286758,-0.916931,-0.290155,-0.225961,1.8484,-0.866681,-0.117362,0.342882,0.257683,-2.46255,1.18689,-0.00810455,0.395922
-1.26886,0.96264,0.849743,-0.765422,0.354226,-0.335911,-0.173151,-1.40118,0.298995,-1.55483,-1.47953,0.563714,-0.0238458,1.44908,0.613514,2.20368,-0.623247,0.507745,0.505997,-1.08911,0.977018,2.10498,-0.0589548,0.44808,0.423621,0.192499,1.95103,-1.99435,-0.202635,0.289345,0.291561,2.42452,0.476083,1.53078,1.02162,-1.39917,0.59687,-0.537026,0.138089,0.894053,0.00816647,-1.30037,-0.111801,1.31544,-1.01412,1.13831,1.77581,0.885726,-0.893835,-0.2843,-0.731184,1.14315,-1.0571,0.816867,-2.25302,-0.254636,1.44992,1.60943,0.959086,-0.527447,-0.671522,-2.23505,-1.12956,1.31136
-0.324671,1.54339,0.89864,-1.37084,0.731054,0.00879672,-1.67483,-0.271158,-0.68175,0.598089,0.0800315,-0.0833566,-0.0123389,-0.720144,-0.48999,-0.419208,-1.69725,-0.319975,1.47478,-0.229498,0.616758,-0.0254267,-0.818976,0.659149,-0.0658213,2.56824,1.46994,-0.574692,0.545533,0.785994,-0.890021,-0.347361,0.17193,-0.0357684,0.109458,0.591182,-0.586722,-0.265086,-1.12048,-1.00218,1.10573,0.946999,1.61741,-0.422866,-0.152799,-1.17282,-0.13824,0.765942,-1.87127,-0.222072,0.565046,-0.368777,1.3942,-1.4166,1.60145,0.235712,1.55105,1.49057,0.0169002,0.925287,-0.021318,1.07048,0.535378,-1.24262
-2.22447,0.870929,-1.48925,1.10339,0.665505,0.0276478,0.510798,0.442868,0.580701,1.36589,-0.217528,-0.273204,-0.716145,-0.611979,-0.989548,-0.00700346,-0.0798865,-0.0206475,1.78117,0.43683,1.95909,-0.368563,0.828194,-0.0194374,0.462345,0.328615,-1.7196,-0.159622,-1.04074,0.543267,0.469927,-0.643605,-1.71883,-0.274241,-1.39627,-1.3425,0.948827,-0.516869,-1.03323,-0.243142,1.64188,0.194094,-0.0294534,-0.0771595,-1.14347,-0.852584,-0.476981,-0.727807,-0.724897,-0.127451,-1.30139,-1.9273,1.12246,-0.543038,-0.368162,0.158705,1.92095,-0.552142,-0.184093,1.47362,0.760669,0.0477705,-1.32352,-0.764047
-0.581844,-0.502704,0.192806,-0.452527,-0.0405965,2.1757,-0.267164,0.984025,0.0321764,-1.38055,0.776374,-0.645013,-0.180263,-0.85177,1.47745,0.243135,0.242847,-0.0136508,-0.552364,0.464805,-1.36035,0.670314,-1.74565,0.341414,1.20024,0.736872,-0.908053,-0.124489,0.511535,2.43243,0.29513,0.417886,-1.29718,-0.724755,-0.137998,-0.29843,1.83959,-1.22366,0.0154066,-0.601962,0.580888,-0.891327,0.997247,1.03039,-0.083045,-0.691589,-0.204988,0.0376092,0.393931,0.109927,-1.61502,2.38743,-0.930851,-0.435769,1.1602,-2.1039,1.38068,0.581055,0.640523,-1.11241,-0.846746,-0.00118051,0.303081,0.82814
1.08796,-0.233782,1.19416,1.34107,1.06619,0.0149113,-0.058234,-0.49823,1.20652,0.107779,-0.967373,-0.235117,-0.766654,-0.920584,1.64524,-0.220031,-0.698503,0.374096,0.456769,-0.427532,1.22192,-0.747507,-1.47927,-0.478892,0.643953,-0.387995,-0.093624,0.86915,-1.77115,1.37504,0.107048,0.428891,0.961792,-0.39463,-1.15544,0.973541,1.27315,-0.631772,-0.0281339,1.1695,-0.26375,0.774318,1.53181,-1.41258,0.56624,-1.47498,-0.627261,-0.843792,0.872818,-1.3762,-0.0789148,1.42349,0.611328,-2.23152,0.831796,-0.316127,0.620778,-0.0892704,1.02186,-0.700928,-0.627954,-0.264334,-0.203856,0.934428
-2.05751,1.08736,-0.696285,-0.29127,1.62369,0.343037,-0.372012,-0.0657583,0.915505,-0.78818,0.590622,1.84064,-0.652903,-2.57502,-0.520658,-1.39971,0.302983,0.405855,0.152706,-0.0972977,-0.0537304,0.562671,-0.733783,-1.61179,1.4932,-0.3189,-0.00164878,-2.0135,-0.634939,-1.16148,0.410808,2.23219,0.155207,0.240185,-0.694955,0.309603,0.279118,1.43942,-0.600659,-1.82255,-0.442348,0.388508,0.223527,-0.219651,-0.359959,-0.565914,-1.12766,-0.420145,0.34957,-0.596135,-0.284998,0.125292,1.01262,-0.928169,1.08593,0.538829,-1.1646,-0.185027,0.311772,-0.211236,-0.699134,-0.674759,-0.65617,-1.57203
-0.476142,0.583017,-1.57725,-1.00789,0.519718,-0.148211,1.33368,-0.653674,0.0207116,-0.34312,-1.15908,-0.586792,0.107091,-1.17302,0.948622,-0.205602,0.484241,-0.888662,1.69675,1.46056,0.208836,-0.843941,2.11342,-1.64293,-0.252748,0.957222,0.278647,-0.357058,0.834511,0.363665,2.18902,1.785,0.0340998,0.739809,-0.490129,0.553538,0.746523,0.27694,-0.798329,0.673591,0.278141,-0.46904,-0.205129,0.728559,-0.472422,-0.371037,0.744346,-0.710331,0.0319522,1.71901,-0.213592,-1.84477,0.197942,-0.39629,0.629405,0.692989,1.18954,2.55283,0.0786601,1.4027,-0.262505,0.471699,2.50153,-1.01972
0.922208,0.654656,1.17451,0.965696,0.187193,-0.143235,-0.802995,-0.149902,0.270076,-0.821137,-1.46578,-1.35894,0.660263,1.0658,0.365852,-0.475544,0.613192,-1.40472,-1.86511,-1.67959,0.102919,-0.768978,-0.30151,-1.27186,-0.75574,0.993444,-1.56749,0.557109,0.184331,-1.05321,0.66995,-0.458437,-1.05282,-0.926619,-0.320224,-0.0247766,-1.54604,0.926942,-0.170303,0.972906,-0.3703,-0.435606,0.534212,1.05437,1.15418,0.418665,-1.11257,0.20737,-1.95406,-0.125309,-0.266045,-1.07712,1.62787,1.78008,0.248893,0.920227,1.08459,0.766514,0.761486,1.1437,-0.197285,-0.748436,0.490047,-1.00997
-0.847986,0.910885,0.43834,0.883584,0.780659,-0.0259946,0.512567,1.02302,-1.00302,-0.822333,0.612673,-2.374,0.102912,-0.197774,0.900203,-0.690267,0.068639,-0.222758,1.00782,0.0356099,-0.0612546,0.85979,0.142862,-1.84857,1.2712,-0.197858,0.94626,-0.700605,-0.359948,-0.974535,0.0892507,0.839451,-1.00301,0.741701,-0.416427,0.126287,-0.345829,-1.37295,0.934657,1.17891,0.159191,-1.45364,0.650333,1.66,0.379691,-0.225209,0.670216,-0.898384,0.9551,0.396535,1.13635,0.276591,-0.400714,-1.4906,0.934743,-0.613135,-0.181207,-1.29612,0.111722,1.38869,-0.300183,1.41116,1.30788,0.890256
-0.233822,0.279398,0.263023,-0.0154192,0.47943,1.04234,-0.281833,0.833909,0.807782,0.833688,-1.3309,-0.355345,-0.0627149,0.715021,-1.82805,0.347341,-0.294771,-0.600489,-1.00345,-0.165744,0.197064,-0.895247,0.322045,0.76616,0.0160615,0.568193,1.06621,2.0099,-0.165097,0.813281,0.112813,-1.04029,0.518691,-0.804263,0.841751,-1.1885,0.433578,-0.0971219,-0.83435,0.422697,0.613982,-0.223181,0.0108485,-1.48286,-1.46101,1.61792,0.258157,-1.58536,-0.876724,1.61164,1.67574,0.412476,-0.921898,-0.315204,-0.687685,0.55283,0.410809,0.598217,2.11328,0.501307,1.13645,-0.0486617,0.0361306,0.910087
-0.170911,0.702697,0.364731,-1.42494,0.422699,0.873226,0.505992,-1.41696,1.27041,0.337708,0.700589,0.141827,-0.0973237,-0.693798,1.95522,0.400114,-0.348836,-0.293372,-0.0102283,0.110644,0.596069,-0.308977,0.0447218,0.528522,-0.586215,-0.071905,1.28121,-0.569073,0.180773,-1.01598,0.0540663,2.30504,0.57744,0.937507,0.0161887,-0.43988,-0.295757,-1.66434,-0.725379,1.28494,-0.00240546,0.602506,-0.336069,-1.77261,-0.302155,0.124432,0.409357,-1.27511,1.73919,0.631027,0.411696,1.64616,-0.236062,-0.46169,-0.72741,-0.673623,0.226541,0.424008,0.303879,1.35741,1.77183,-0.839761,1.0057,0.662899
1.34974,-0.170923,-2.21931,0.327483,-0.0728932,1.4193,-0.398116,1.15992,-0.804528,0.60236,2.57475,2.60539,0.642592,0.017306,0.398109,0.41088,-1.38137,-0.259929,0.0401947,0.432849,-0.142461,-1.35025,-0.112547,-0.665811,2.32776,0.391433,1.16015,2.48214,0.56611,-0.354691,-0.294233,0.841084,-0.019984,0.399199,-0.202981,0.462684,1.74969,-0.323219,0.212846,-1.79528,-0.264292,0.00215804,-0.369188,-1.12349,-0.84071,0.66744,-1.0636,-0.561887,0.072328,0.49514,-0.0783569,-0.893283,-0.356402,-0.440349,0.621486,-0.92229,2.06896,-1.20533,0.87013,1.23097,0.0797499,1.31814,0.0664268,1.77121
-0.808751,1.97683,0.790202,1.16558,0.0178631,0.271463,3.47828,1.21489,0.555768,1.37843,-0.76459,0.226433,-0.894567,-0.126283,-1.63096,1.13228,0.679643,0.375335,3.35211,-0.393027,-1.36393,-1.47831,1.28923,0.533943,-0.53104,-0.566927,-0.297058,1.51819,1.42488,-0.204951,-0.115065,-0.824691,-0.438744,-0.73323,-0.213367,-0.772061,1.74923,0.295513,-0.205343,-0.741506,-0.810719,-1.15068,0.285491,2.05355,-0.103018,-0.81096,-0.000561816,0.138299,-1.47995,0.304685,1.2007,0.557149,-2.09938,0.649776,0.540038,-0.7034,0.708287,1.04101,0.529287,0.731458,-0.973614,0.882322,1.87774,1.22592
0.995129,-0.724231,0.657901,-0.88954,-2.01012,-0.449544,-0.356861,-2.72945,0.287871,1.24498,-0.453972,1.3116,1.28693,0.0403365,-0.814398,1.27925,-0.813802,1.53062,0.767794,-0.645911,-0.981593,0.177332,-1.39293,0.124369,-0.144337,0.39663,0.888766,-0.843145,0.150902,0.91201,0.179707,0.786751,-1.35718,1.69625,-0.330989,0.255216,1.10324,0.699317,0.196348,-0.0725403,1.46337,-0.941205,-1.17945,0.120119,-1.68047,-0.492409,0.0850458,-0.875886,-0.276584,-0.41281,-0.661562,-0.02649,-0.38262,0.281237,-0.0923289,-0.110308,-0.575608,1.15034,0.0398006,-0.318321,0.380168,1.14842,-0.311347,1.30844
0.453397,0.998147,-0.994133,-0.604496,-1.25526,0.0469075,0.319892,-1.66578,-0.880413,-0.0344237,0.224959,1.01656,-0.54273,1.54992,-0.935251,0.562887,-0.532494,0.33139,-0.831328,0.044473,1.15745,1.14058,0.74882,-0.0239618,-2.22433,-0.422579,0.919508,0.315449,0.78428,0.525704,-0.202258,1.69176,-1.82022,-0.874592,1.30086,-0.255267,-0.557894,-0.258044,-0.175714,-2.79331,0.439806,-1.40383,-1.04564,0.828235,0.572121,0.850498,-0.0937357,1.62003,-0.548617,1.15665,-0.761866,0.473724,-0.23828,0.0628608,-1.39976,1.28515,0.370476,0.749726,1.65976,1.37698,0.760128,-0.591722,1.44023,-0.725853
1.78296,0.345988,0.07924,1.32707,1.16556,-0.46448,-0.47396,-0.633446,0.740008,0.358526,-0.61917,-0.379004,1.71283,1.91408,0.838366,1.50394,-1.44743,0.811161,-0.44268,0.936134,0.548195,-1.58563,1.21331,-1.68813,1.80122,1.36033,0.510581,0.854501,-0.0992641,-0.198799,-0.979415,0.408771,0.611142,0.519658,-1.35869,0.00896275,-0.594719,0.0455496,-0.569945,0.258534,-0.473023,0.0940536,-1.12251,0.161986,-0.17166,-0.262135,-0.579769,0.139954,-2.05273,-1.92875,-1.35734,1.00751,-1.20734,0.26726,-0.695395,0.619313,-0.240068,1.23005,0.689331,-0.0407877,1.33109,0.191208,-0.537319,0.718291
-0.372693,-1.24864,1.41024,0.208075,-0.978863,-1.31246,-2.62025,0.714924,-1.20964,-0.0663133,-0.555161,1.06232,0.397444,0.0040032,-0.0740757,-0.167329,0.0922911,-1.08906,-0.876679,0.3622,3.68508,-1.12744,-0.745746,1.79503,0.161467,-0.437807,-1.22289,1.11638,-0.291264,0.618175,-1.80353,0.53692,-0.549548,2.24563,0.373105,1.66317,-0.394711,0.547598,-1.08792,0.15977,0.157014,0.143733,0.740297,0.921382,0.81398,1.30441,0.423863,0.298962,-0.139403,0.782459,1.87185,-1.5132,0.217632,-0.454566,0.0197821,-0.554612,2.14443,-0.105343,0.84927,-1.66009,0.782001,1.21718,-0.846736,1.90344
-0.391674,-1.80994,-0.859163,0.306326,1.18644,0.519778,-1.20433,-1.32919,0.217028,0.489146,0.0306736,0.700039,-1.26415,0.73114,-0.0988699,-1.07733,0.781271,0.0904662,0.412008,0.184436,0.245712,-0.688458,0.154553,-0.924638,-1.2788,0.35375,0.82172,0.743552,0.218579,-1.63655,-0.155119,0.756852,-1.73768,-0.603658,0.202,0.835026,-0.335424,0.98257,0.193944,0.99136,-0.335718,0.00295008,0.302752,-0.266787,0.188777,0.995753,0.437834,0.0412208,1.79418,-0.918452,0.417236,-1.81653,-1.06342,0.129703,-1.81638,-2.62056,0.122824,-0.0680198,-1.15698,-1.54739,-0.891274,0.760766,1.8073,0.298689
1.09231,1.32093,-0.23171,-0.954274,-0.724675,0.207763,-1.40215,0.535649,-1.36598,-0.818773,0.713254,-0.48206,-0.414414,0.207213,-0.987658,0.699044,-0.0845305,1.43738,-0.814925,1.36099,1.07105,-0.0425006,-0.571155,-0.476831,0.826077,-2.91207,1.85324,-1.37671,-1.03414,0.145016,0.256055,0.693357,-0.709186,0.822863,0.439177,0.734278,-0.871763,0.210513,1.53663,-1.77576,1.48757,-0.408223,-1.6394,0.0756196,1.09621,-0.0463088,-0.131191,-1.28061,-0.190453,-0.86712,-0.0368107,-0.640442,0.193119,-0.985357,-0.363577,-0.925914,1.08785,-0.12646,-0.623756,-0.08359,-0.459413,-0.610286,-1.38098,-2.67712
-1.2074,-0.932415,-0.236559,0.534135,1.50456,-1.45756,-0.788141,-1.24228,0.300721,-0.528633,-0.29689,0.438179,1.78307,2.14417,-1.1497,-0.06621,-2.39094,-1.24499,-1.11803,-1.36715,1.47062,-1.01434,0.207453,1.40726,2.16008,-1.6261,-0.210906,0.841757,-0.662028,-0.406794,0.211651,-0.450852,-0.752013,0.671668,0.421373,1.35713,0.398798,0.372261,0.640469,-0.484556,0.793088,-0.00407588,0.751298,-1.26227,-0.512987,2.28611,-0.416539,1.01089,-1.11639,0.977835,0.204051,-1.94156,0.347981,-0.971751,0.141512,0.478162,-0.245331,0.0639897,-0.742437,-1.58732,-1.23506,-0.812207,-1.2378,1.19602
0.31425,1.56037,-1.42633,-0.43227,0.475189,1.95142,0.857339,-0.597857,-0.293673,-0.237841,-0.184203,-0.538346,-0.308757,-0.981204,-0.724128,-1.22048,0.392436,-2.18088,0.231765,1.05886,0.126218,-0.853975,-0.164181,-0.230084,-1.78204,0.951624,0.962452,0.988073,-1.2932,0.423534,0.341868,-1.34755,0.642347,-0.160211,1.78232,0.115244,1.3036,2.21617,-1.06123,-1.29738,-0.438033,0.235252,0.167692,0.483788,-2.98713,-0.352924,-0.109127,0.0854681,-0.0887809,0.809091,1.39121,1.09062,-0.65088,-0.494787,0.708742,-0.482484,0.526967,0.0405332,0.446801,0.118369,0.0497175,-0.272126,1.72259,0.216721
0.752524,0.25073,1.13019,0.570957,2.47148,-0.898721,0.628058,-0.195149,0.773592,1.04623,0.651542,-0.887659,0.285505,0.0701241,0.244825,-0.373282,1.75907,-1.29803,0.891525,-0.884197,0.232911,2.24654,0.597077,0.144066,-0.149594,1.47659,0.773932,0.613501,0.670501,2.13276,-1.25794,-1.929,0.0592857,0.846778,0.337281,0.288258,-0.412216,0.661341,-1.00951,-1.80833,-0.485598,0.474476,1.28578,-1.33969,0.386997,-0.358739,-1.51488,0.90833,0.0704846,-0.940361,-0.100547,-0.306222,0.304214,-2.52701,-0.355734,0.56023,0.393458,0.885813,0.664238,-0.215361,-1.06219,-0.262517,-0.31938,2.20658
-0.126343,0.0625151,0.918585,-0.300348,1.48593,-0.534287,-0.207741,-1.43225,-0.27633,1.33992,-0.570487,0.154381,-0.146107,1.04179,0.0253429,-1.01347,-0.207144,-1.51099,-0.983678,-0.812846,0.641581,0.21854,1.53323,-0.546222,1.51676,-0.49138,0.283614,-0.653187,-0.215252,-0.650989,-1.27209,-0.417362,0.24911,-0.905451,-0.788537,0.558603,-2.00168,0.826623,0.652811,1.02523,0.623881,0.246648,0.187397,0.843935,-0.0265846,0.0705385,-0.43344,-0.705502,1.74809,0.15621,-1.50541,0.0214876,0.610452,-2.19384,-0.859732,0.430509,0.502224,-0.120285,1.02584,0.114495,-0.0667098,1.21636,2.15018,-0.467795
-0.722202,-0.147707,1.48868,-0.325166,0.62499,-0.179621,-0.707543,0.0809232,-0.671221,0.196429,-0.579122,0.11049,0.354899,-0.617597,1.59366,0.147796,0.586225,0.736889,-2.02682,-0.199667,-0.220331,0.42111,1.11536,0.991172,0.398849,-1.24059,-0.543285,-0.687953,-0.675577,0.203472,-0.791334,0.770261,-1.1131,-0.382881,-0.0112905,-1.0899,0.378396,-2.59475,2.34743,-0.97021,-1.9806,0.367693,1.1874,-0.0247142,1.12766,-0.217276,0.258317,-0.581678,0.109312,-1.47028,-1.64116,0.231937,0.741776,-0.935676,0.690746,-1.13914,0.155369,0.170895,0.462996,0.247837,0.232254,-0.519762,0.0254194,1.78835
0.845896,0.659487,-0.289289,-1.57065,0.514923,1.80056,1.20384,0.662221,-0.328586,-0.103423,-0.538479,-0.167109,-0.551792,-0.137725,0.953801,0.763432,0.044106,0.73627,-0.24243,-1.64884,-0.25585,-0.701582,-1.27648,-0.176903,-0.267725,-0.774516,-0.390755,2.1912,0.143007,0.0957166,-0.252843,0.179586,-3.05926,0.770857,-0.637272,-0.210422,-0.295466,1.35127,0.027285,-0.596377,0.449885,1.54747,0.13267,0.70794,0.977714,-0.378023,0.61474,-0.866263,-0.143098,0.810881,1.413,-0.013055,0.63813,-1.10597,1.45054,-0.745208,-2.1469,-0.197613,-1.14756,0.839122,-0.593008,-0.987853,0.618429,1.07295
1.48416,-0.907064,0.723601,1.21402,-0.354666,-0.528873,-0.677503,0.0644339,2.41006,-0.937477,0.97443,1.05976,-0.747013,-1.92418,0.53753,1.06638,0.191704,0.575594,-0.980263,-0.28997,2.62653,-0.205954,1.57125,0.738689,0.162126,0.0459581,-0.540314,0.708161,-0.897746,-0.318062,-1.04918,0.765104,-0.573682,-0.185828,1.36444,-0.129235,1.26519,0.258817,2.13384,1.10813,0.721108,-0.898317,-1.53909,-1.67197,0.679961,0.858558,2.4571,0.382677,-1.73107,-0.400661,-0.453561,-1.24427,0.536233,0.579085,-0.916303,0.455404,-0.568702,-1.29624,-0.752205,1.1299,0.206127,-2.32494,1.96474,0.486816
-2.26983,-0.18948,-0.164165,0.102065,0.301549,0.802395,-0.364765,-1.9589,-0.345168,-0.386476,-0.761119,1.48884,1.12151,-1.08277,-0.859986,-1.54399,-0.608934,-1.94823,-0.0672075,0.249853,-0.226917,-0.0553871,0.579204,-0.106566,-2.02434,-0.766058,2.06852,0.787139,-0.378306,-1.17094,1.07841,0.953717,0.904754,-0.571818,0.259624,-0.707908,-1.89527,0.429939,1.56576,-0.261944,-0.163275,0.58806,-0.157826,1.90176,-0.434144,0.219233,0.157981,0.976172,1.12531,-1.39565,0.145535,-0.0868926,-1.53628,-1.52001,0.127291,0.487592,-0.619242,0.595354,-0.0666155,-0.632949,-0.559375,1.6259,1.18332,1.36764
-0.443767,-0.856681,0.822415,0.91928,-0.647427,1.94541,0.0278923,-0.780366,0.492473,1.31346,1.28338,0.284929,1.34934,-0.656292,0.116056,-0.612,0.858303,-0.567181,0.285914,-0.411996,1.49535,0.802909,-0.667956,-0.222039,1.34706,1.41527,-0.792327,0.484708,0.0521722,0.801107,1.25137,1.09832,0.00194881,-0.459484,1.02709,0.860287,-1.26275,-0.197862,1.13198,-0.952099,0.599386,-0.372856,1.44654,0.258358,0.30515,-0.113284,-0.515234,-1.36579,-0.524419,0.288883,-0.853441,0.561563,-1.61041,-0.39868,0.582241,-0.651873,0.475742,-0.768307,-1.33994,0.268412,-0.820289,0.826734,-0.795573,0.182745
-1.13535,-0.61113,0.0703296,-0.072362,1.13724,0.915329,-0.453533,0.569559,0.0675818,-0.197008,0.518005,-0.3764,-0.102159,-0.861099,0.653263,1.92041,0.630751,0.917813,-0.744917,0.275017,-1.26831,-1.47359,1.69004,0.933881,1.17745,-3.19688,-0.13768,1.42962,1.09406,1.05363,0.623118,-0.956247,1.23704,0.439225,0.490875,2.00706,0.754052,0.90975,-0.200544,0.697505,0.832789,-0.0577782,1.19352,0.285425,-1.59093,-0.116117,0.465757,-0.0389476,1.89348,0.12603,0.000454199,-1.63939,-1.00026,0.411167,-0.136968,0.404405,0.258313,-0.0294885,0.819052,-0.653278,1.48453,2.77106,-0.842275,1.75997
0.162152,-0.996037,-2.36962,0.345715,0.27671,0.350887,-0.619283,-1.46919,-0.485895,-0.978732,1.46608,-0.041654,0.0185733,-2.01875,1.79498,-0.643486,-1.01899,-2.47982,-0.421699,-0.35844,-2.20417,-1.42524,-1.14538,-2.50205,-0.416226,0.60537,-0.448606,-1.57995,0.347423,-0.556446,-0.0539151,0.628483,-1.26012,-0.158009,0.0947737,-1.15851,0.793578,1.07634,-0.142133,0.0483612,-1.8576,-0.726947,0.0101473,-0.0664107,-1.04574,1.59951,-0.247457,0.620633,1.64743,0.558173,-1.20896,1.63345,-0.133931,-0.766985,-0.222723,0.42538,0.621157,-0.824865,-1.19852,-0.776404,-0.496111,0.0141384,1.19251,1.09392
-0.192591,2.44977,0.91502,1.20767,2.19327,0.699299,-1.03039,0.437182,1.54831,-1.14981,0.186601,0.189171,-0.648678,-0.462526,1.76399,0.813124,0.142792,0.600675,0.693949,1.75017,0.728828,1.50174,1.21791,-0.64163,-1.27476,0.55394,0.764306,-1.00376,-0.0440569,0.309521,-1.17515,1.24179,0.812813,0.11686,0.24408,1.08155,0.714519,-0.511103,0.311516,0.841361,0.649192,0.549184,0.274496,-0.0186931,-0.0610624,-0.0298628,0.733954,-0.568624,1.45816,0.805833,-1.02788,1.44108,1.2491,1.92054,0.333556,-0.248929,-0.276598,0.440014,-0.674808,-1.65009,0.300534,-0.289786,0.136988,0.06233
-1.00799,-2.14651,-0.710654,2.23345,0.748056,0.453184,0.691653,0.680507,0.585062,-1.71689,-1.31599,-0.643093,0.663001,0.495204,0.0609732,-0.387918,2.37766,0.348397,0.0643642,0.187593,-1.68346,-0.818293,1.42987,0.245033,0.520793,0.169899,-1.11732,0.700129,1.0739,-0.307803,-0.0731732,-0.337112,0.192741,0.350042,0.381092,-0.473857,-0.0406629,-0.855836,-0.163221,-1.71534,-0.746361,1.20722,-0.336371,0.145776,0.751435,-0.0458439,-1.14153,-0.693407,0.165959,0.265886,-0.0951194,-1.07128,1.2007,-1.74078,-1.40602,-2.38987,0.528206,-0.512031,0.317876,-1.14571,-2.56549,-0.553859,-1.17821,-0.297709
-0.841236,-0.7334,0.0856051,-2.22949,-0.445302,0.848083,0.268706,0.26237,-0.755805,-1.02194,1.04382,-0.035686,-1.31089,-1.14563,-1.88201,-0.0961083,0.097728,1.19191,-0.291935,1.97876,0.474292,1.3382,-0.447147,1.80125,0.475316,-0.81543,-2.06993,-0.668181,-0.615656,-1.03953,1.02472,-0.574696,0.915828,-0.461344,-0.161412,-0.198186,-0.152792,1.48715,0.124502,-1.14493,-1.62792,1.37713,1.06525,0.261688,0.588035,-1.40687,0.183893,-0.550376,0.547512,-0.144084,0.514184,-0.377918,1.34317,-1.63636,-0.28605,0.948553,1.35597,-0.105191,-0.744939,0.212369,1.90888,0.209345,0.314139,0.710502
-0.660286,1.37374,0.0133449,0.0607871,0.146029,-1.06446,0.375417,1.32697,0.689625,-0.88489,-2.36073,0.166077,0.241688,1.2936,1.17972,1.01036,-0.294697,0.203612,1.37593,0.038459,1.67983,0.268846,-0.888328,-1.05158,-0.821027,0.907935,-1.97926,-1.40931,-0.937877,0.064795,-0.135223,0.0024058,0.671009,1.20789,-1.50521,-0.270026,2.30688,0.270284,-1.99228,1.02996,-0.944987,0.0903484,0.708626,0.918005,1.21109,-0.182442,0.23934,1.3044,-0.691265,-0.753959,-1.41012,-1.29025,-0.159498,0.121165,0.364832,1.53114,-1.29605,0.617903,0.999342,0.0960427,1.60965,0.276016,0.147274,-1.24945
-0.495432,0.43166,2.07694,-0.232946,-2.23775,0.669739,-0.501105,1.25678,-0.771007,-0.125343,-0.483651,-0.36189,1.64636,-1.22161,-1.30029,0.0102948,0.344909,-1.24192,0.0334192,-1.97513,-0.423294,0.0981571,-0.358034,0.890546,-0.0394469,1.08454,-0.773537,-1.3125,2.43988,-1.09249,0.357799,1.27203,0.67536,2.1837,-1.19682,0.468893,1.44011,-0.325238,-0.129241,-0.331397,-0.345867,0.877879,-0.412901,0.540492,-1.51035,0.453051,-0.888694,0.404303,0.226616,-0.0612742,0.305442,1.68462,0.161435,0.796995,0.388925,-1.71735,1.31645,-0.932681,1.48716,0.0239233,1.1475,0.563674,-0.330414,-0.338185
-0.0603815,-2.55958,-0.09884,-1.13247,-0.488413,-1.36837,-0.177528,-0.353858,-1.34729,-0.915666,-0.733518,-1.0182,0.978318,0.553493,0.854936,0.0706858,-0.44483,0.0781423,0.614014,-1.67412,-0.339676,2.8364,-0.542367,0.299213,0.919966,0.203036,-0.172393,-0.649115,-2.36018,0.337296,-1.76668,-0.455205,-0.0167604,0.529113,0.741063,0.526081,0.70104,0.277522,-2.19085,-0.241856,0.672793,1.06902,-0.322502,0.46374,-2.44777,0.372178,-1.22725,2.35205,0.343897,0.0695823,0.189531,1.9571,0.701697,-1.28518,-1.35421,-2.59872,-0.00344546,0.638655,-0.144363,0.771681,-0.996445,-1.50929,0.193735,0.0704741
0.572658,-0.535389,1.05257,-0.40404,-0.150444,0.951061,-1.00217,0.501828,0.30885,0.932477,-1.25995,-0.480757,0.259814,0.414287,0.390567,-0.577401,-0.197097,-0.336447,-1.65489,-1.10776,-0.324717,-1.20938,-0.466882,0.620645,1.16138,-1.19013,0.569822,0.973658,-1.39587,-1.41035,-0.424965,0.178377,1.29534,0.888983,-0.463127,0.215466,-1.56892,-0.607891,0.223553,0.289384,1.22204,-0.145846,0.37349,0.968534,0.471274,2.01485,0.441215,0.24187,0.532323,-0.435112,1.02437,-0.719025,-1.33759,2.07887,-0.200276,-2.45332,1.28472,-0.890548,-1.09486,-0.512474,0.346052,0.849349,-1.27264,-0.872419
0.319107,-0.135872,-2.17938,0.974366,-1.01317,-1.27726,-0.418264,-0.51345,-1.54595,0.463318,0.508145,0.760019,-0.184371,-0.801457,0.521525,2.72826,-0.691547,0.855699,0.797129,-0.496297,-0.501561,-0.329021,0.465183,-0.544032,-0.658398,-1.5124,0.6578,0.0357672,-0.00393247,0.128208,-0.253763,-0.691594,-0.185657,-1.40717,1.08761,-1.64045,-1.27654,0.582419,1.13398,0.507352,-0.830402,1.24813,-1.01422,-1.43916,1.37356,0.376044,-0.505554,-0.63683,0.611734,-1.31335,-1.09947,0.357214,-0.320712,0.842631,-0.110906,0.0297578,0.338759,0.494476,0.118256,0.623249,1.06165,0.705667,1.3216,-0.924642
-0.987962,-0.738317,0.528019,-0.285227,-0.261694,-1.34165,-0.753541,1.21653,1.3634,1.28711,1.488,-0.175684,1.2131,-0.810901,-0.119896,0.283048,1.24814,1.73396,1.03864,2.12165,1.05067,1.0187,-0.74601,0.605203,0.904699,-0.293956,-0.422575,1.04453,-1.39465,-0.533314,-0.764804,0.1785,-0.222051,-0.484542,-1.18396,-0.76568,1.24296,0.244393,-1.02113,-1.42386,0.379046,-0.547389,-0.708626,1.73477,-0.304592,0.248033,0.228152,-0.204407,0.758494,0.291397,0.771791,-0.377701,-0.660698,-0.367098,0.6742,1.15878,-0.303558,-1.64716,-0.748014,-0.652237,-1.2655,-1.03418,-0.499578,-0.0187083
-1.04209,0.519369,0.791793,0.913355,1.06219,1.50983,0.1576,-0.129037,0.0701183,-0.0450462,0.489642,-0.689731,-0.160967,-0.72084,-0.600848,-1.60065,-0.658491,1.34003,-1.3108,-0.49755,0.372047,0.107731,1.5228,-0.719991,1.29752,0.288011,-0.124339,-1.09091,-0.253363,0.965006,1.26077,-0.322716,1.45372,0.526375,-1.07365,0.187434,-1.65353,-1.34587,-0.138971,0.743755,-1.32916,0.540903,-1.16753,-1.15667,1.66617,-1.12876,1.52861,-0.552174,-3.4057,1.34523,1.23012,1.15408,-0.878099,-2.10267,-0.292263,0.477779,1.26216,-0.8155,1.39775,-1.06739,-0.334528,2.0183,-0.964688,0.408541
1.333,0.632787,2.59666,2.12106,-0.519554,0.137096,0.301888,-0.124599,0.335605,-0.161149,-0.483058,1.18028,0.117711,-0.333061,0.129151,-1.54532,-0.632362,0.330431,0.71914,-0.809034,1.18648,-1.2365,-0.3259,1.05677,0.411042,-0.252895,-0.237896,-0.404757,0.835038,-0.783165,0.505494,-0.216191,-1.79687,-0.0882528,-0.590564,-1.28196,-0.828075,-0.585934,-0.978334,-1.08241,-0.0579513,0.680856,-1.11548,-0.0292054,2.71953,-0.0162038,-0.991575,0.252469,0.0667755,0.841783,-1.85105,-1.64461,-0.928338,0.731001,0.285586,1.06157,-0.103402,-0.0584885,-0.287956,-1.12004,-0.887467,-0.23508,2.24061,-0.795242
0.774387,0.461436,-0.195971,0.790946,2.17034,-0.0306389,1.16394,1.00106,-0.619443,-0.295174,0.770778,-0.996093,-0.866475,0.0246453,0.680197,-1.28008,-1.17042,1.17306,2.38224,-0.919449,-0.406602,0.945868,-0.0973689,1.67946,1.31448,-0.851594,0.569169,-0.468576,0.659701,0.0958759,0.907514,-0.0860682,-1.71892,-0.715357,0.735145,-0.155689,1.57812,0.901572,-0.307883,-0.287118,0.011946,-2.11343,1.10729,0.910977,-2.98273,1.18578,0.806882,-2.24779,-3.07514,-0.316604,1.10811,0.675218,-1.78979,0.621585,0.259165,-0.0779989,1.53296,-0.25631,-0.188696,0.00306779,-0.069111,-1.05431,1.20179,-1.23256
-0.608695,1.42143,0.921783,-0.873405,-0.723164,2.40407,-0.460565,-1.75952,1.16661,-1.28198,0.379865,-0.01254,0.445522,1.07951,1.54989,-0.163143,-1.96175,1.2655,0.149734,-0.123196,-1.62634,-0.0338381,0.369549,-1.07134,0.60723,0.303147,-0.186497,1.27402,0.668324,1.9546,-2.0545,-0.357313,-0.647375,-0.378968,0.151082,0.517308,-2.56591,-1.68903,0.150947,-2.986,1.27132,-0.412482,-0.32199,-0.790999,-0.940695,-0.388463,0.920964,-0.207097,-0.0110018,0.0873529,0.806884,-0.344656,0.0961328,0.596289,-0.734778,-2.62472,1.2284,0.406549,0.771201,0.83124,-1.23004,-0.0242428,-0.33039,1.65348
-0.338618,-0.779044,0.643941,1.08111,-1.41308,0.500782,1.08575,-0.415087,-1.06484,-0.641035,-0.250833,0.367947,-0.0607569,0.887704,-1.9846,0.442796,0.450847,0.173376,-1.16616,0.0868018,-0.0361875,-0.377422,-0.585924,2.21352,-0.707478,-1.53195,0.22961,0.275376,1.75649,1.13919,0.540554,-0.266991,-1.79654,-0.670992,2.1387,0.282048,1.53659,1.35391,-0.504524,-2.15921,1.683,-0.232386,0.894116,0.792071,0.793502,-0.623779,1.31797,1.27521,-0.495605,2.55448,-0.122439,0.184491,1.01955,1.12491,2.49441,-0.788067,0.243146,-0.950953,-1.19043,1.29706,0.615577,-1.28826,-0.275299,0.959484
0.339803,-1.43647,-0.137934,0.181993,0.477981,-0.0860808,-1.31386,0.732112,-0.463709,-0.897033,-0.0200188,-0.166867,-0.118551,-1.48683,-0.056987,-0.140926,-1.60879,0.907322,-0.598861,-0.908106,-0.824252,-1.69098,-1.00777,0.926112,-1.47319,-0.720231,1.63376,-1.35764,0.772664,-0.204587,-1.5401,0.788063,0.206986,0.759833,-0.09319,1.18183,-1.56593,-0.219091,1.73413,-0.46163,0.933768,2.02678,-0.0437428,-0.217955,0.72664,-0.347574,-1.57634,0.718403,-0.795382,2.49091,-0.599264,-0.260285,1.38565,0.81439,-1.10752,-0.358176,1.42821,-1.54498,0.233903,0.375944,-0.496955,0.331393,-0.674608,1.30911
0.262948,-0.507876,0.381143,0.38484,-0.84031,-0.558922,-0.727696,0.393521,0.0723269,1.31606,0.43013,0.736183,0.335231,0.241257,-0.30357,-0.337102,0.698085,1.13438,0.0879957,0.45664,-0.854788,0.927684,-1.58411,-0.325052,-0.381224,0.56848,0.637429,1.65087,-0.86095,-1.49421,0.847588,0.108186,-0.839079,-1.30138,0.394485,-2.0536,-1.02379,-0.290047,0.0741639,-0.275567,-0.326557,-1.35669,1.13518,-0.949789,0.0486561,0.548998,0.571511,0.536653,1.88979,-1.28438,1.4513,1.71939,-0.731541,-1.87426,2.96838,1.21947,-1.6129,-0.409809,0.134013,1.37162,-0.173344,-0.263955,1.44981,-2.24472
0.73818,0.182433,-2.27108,0.0787854,0.912129,-1.00198,1.00901,0.601245,-0.221894,-0.177637,0.303363,-1.04228,-0.0589812,-0.595107,-2.26134,0.579871,-0.605906,1.4923,-0.481458,-0.408746,1.69391,0.817192,1.2398,-0.974107,0.35252,0.733317,0.774819,-1.2728,1.39101,-0.925857,1.39245,-0.207214,-0.203947,-0.777586,2.61386,0.611002,-0.304485,-0.378763,1.97048,-0.443615,-0.546567,0.224979,0.88044,2.14578,0.268375,-0.153092,-1.58647,-1.24672,-1.49474,0.897503,0.328813,-0.688813,-1.00742,-0.716655,-1.11046,1.08214,-0.287865,-1.12116,-0.260947,-0.431831,1.50439,0.139478,1.2932,-1.90217
-0.938858,-0.618083,-1.06466,-1.23868,-0.536942,0.248498,0.735513,-0.0640527,-0.355661,0.253634,-0.337366,-0.748217,0.960219,0.689534,1.03282,0.900736,2.07374,-0.693322,-0.816891,-1.04111,0.351401,-2.64186,0.994342,-0.0351848,0.345362,0.298478,1.07311,-0.536264,1.39889,-0.205932,0.65869,0.377593,0.2694,0.887999,0.136329,-1.08021,-0.36877,2.08848,-0.0104826,-1.22409,0.0527265,0.41343,-0.229628,-1.3947,-0.976897,0.0843969,-0.13027,0.805086,0.319388,-0.321072,-2.80722,1.38215,0.530433,1.42833,-0.193539,0.246731,-1.06281,0.0883369,-0.0379543,0.459673,1.91685,-0.38945,1.59844,0.588527
0.080731,0.696144,-1.31779,-1.15524,-0.158455,-0.0520783,0.17933,0.401129,-0.707675,-0.0719181,0.770148,-0.0660168,0.822441,1.04516,-0.211232,0.82079,0.667666,-0.256171,0.611615,0.599527,0.087239,-0.348672,2.02784,0.945556,-0.772873,0.840214,0.895008,-0.372112,0.25819,-0.599362,-0.108332,1.57809,0.266722,0.114227,2.43216,-0.71797,0.545627,0.652326,0.888504,-0.653357,-1.4,-1.61101,-0.24933,1.50775,-0.712331,-0.715037,-0.788025,1.49571,0.0779205,0.627353,0.10777,0.465917,1.14904,-0.215299,-1.68001,1.64395,0.628695,0.491205,2.02892,2.55874,1.01208,-0.166107,-0.840666,0.471428
-0.507069,1.18491,0.667479,1.39897,-0.532457,1.57904,0.393528,-2.39162,0.531364,-0.21361,0.0661012,0.270351,-0.259793,-0.571389,-0.529693,0.533355,0.663456,1.80345,0.499286,-3.08124,1.40701,-0.542391,-1.38041,-1.38745,-0.252599,0.474776,-1.37481,0.635023,0.126037,0.0939898,0.199781,-0.346357,-0.194013,1.64245,-0.123965,0.754404,0.517177,-1.0297,0.774533,0.468262,0.894498,0.00287948,0.531801,-0.413782,0.122528,0.452278,0.0940751,0.978359,-0.460277,0.332216,-1.20999,0.0718406,0.93641,2.51857,1.70002,-0.586929,0.778972,1.46377,0.951716,0.856116,-0.0515027,-0.336945,1.76272,-1.75436
0.838965,0.696898,0.309275,0.0738313,-0.394834,1.13345,0.122134,0.380351,-0.0493983,-0.385685,0.552172,0.228255,0.602123,0.343834,1.51867,-0.284044,1.37646,2.11952,0.383916,-0.950448,-0.199875,0.359567,-0.393433,-1.07707,1.79701,-1.1401,-1.35927,-0.640333,0.87228,1.7782,0.6903,0.132292,-0.211045,0.0358877,-1.65634,-0.596899,-0.149217,0.106312,0.486178,-1.12683,2.4537,-1.08988,-2.34129,-1.31744,-0.347868,0.868055,-0.092027,-0.161162,1.06975,0.0195312,1.81676,-2.04634,-1.80168,0.2166,1.24426,-0.157109,-1.24563,-1.8239,-0.309238,-0.865268,1.38397,-0.446,-0.713698,-0.0385653
1.71471,-0.937514,-0.417919,1.61285,0.802476,-1.28954,-0.374069,2.34815,-0.369405,-1.07351,-0.168395,-1.97414,-1.00756,-0.112964,0.13861,-0.354021,-0.169498,-0.351096,-2.45532,0.000162505,0.705693,0.0733387,-0.861553,1.29475,-0.500407,0.850856,0.201219,1.00144,-0.315338,-0.876469,-0.523186,1.58837,0.455633,-0.496571,-1.10024,-0.258901,-0.909055,-0.918553,-1.18176,-2.41537,0.789735,0.051587,0.525953,-0.233963,-0.0531283,-1.75348,-1.33278,1.19273,-1.75629,-0.0927995,1.27719,-1.37785,0.940083,-0.108988,0.776589,-1.54685,-0.637537,0.839524,-0.105311,0.0470023,-0.0154614,0.301242,0.783687,2.11107
-0.306383,0.521856,0.172987,-1.01427,0.68091,1.03356,-0.0863035,-1.03205,-1.08461,1.12118,0.353447,0.44435,0.158223,-0.569998,-0.538761,-0.00186053,-1.57221,-0.0791217,0.807123,1.67737,-0.125251,-0.124946,-0.861796,-0.938784,-0.24923,-0.742008,-1.47314,1.17458,-0.306866,-0.936408,0.140946,0.981028,0.691579,1.21479,-0.27998,0.889509,1.47071,0.552064,0.698026,-0.154884,1.01129,0.964831,-0.348212,-0.648153,1.53962,-0.242639,-0.0771714,-0.630581,-1.02493,0.145527,-2.04654,0.846111,0.116222,0.330703,0.645961,0.334768,-0.108734,0.779584,-1.21791,0.539229,1.15062,1.33405,-0.642583,-1.25983
0.483492,0.543025,0.473361,-0.212483,0.605611,-0.0551916,1.2114,-0.796952,1.89319,-0.263745,-0.227115,-0.433263,1.0307,-0.907636,-0.311396,1.63175,0.337044,-0.112883,0.502206,1.37769,1.71671,-0.474108,0.981888,0.210653,-2.46645,-1.08374,0.505345,0.0498291,1.16811,1.5079,0.569729,-2.71131,-1.14398,-0.454432,0.947441,0.541428,0.828594,-0.0921805,-0.805708,-0.146241,0.222438,0.0518572,1.50865,2.15832,0.628941,-1.47265,0.332917,-0.732839,1.51236,-0.951305,0.27111,0.0015404,-1.11795,0.538332,-0.0297242,-0.590547,1.17312,-0.0996972,-0.0677814,0.846185,0.310475,-0.575086,0.653814,0.934583
-0.174787,-0.156145,0.673936,-1.4629,-0.95317,1.56571,-0.813044,-0.518712,-0.60922,-0.23883,-0.180382,-0.504803,-1.20834,-1.46435,0.946122,0.712309,0.110252,1.86653,-0.0133957,0.385716,0.26961,0.122353,0.390221,0.481303,-1.48276,1.81483,-1.38743,1.81054,-0.276005,0.389219,-0.116125,0.665986,-0.689235,0.624626,-0.111641,-0.349806,-0.882271,-0.805819,1.2793,0.32357,0.0261856,1.50981,0.347571,0.235514,2.03105,-1.01135,0.147213,-0.213103,0.436749,0.137866,-1.94946,-0.979458,-1.1603,-0.72262,1.32393,-0.137101,-1.11714,0.451063,-0.697463,-0.447178,0.53192,0.713495,1.82848,-0.659969
1.79741,-0.136298,-0.360075,0.846878,0.159689,0.698426,1.38556,0.577958,-0.788258,-0.354007,2.18035,-2.09542,-0.0510016,-0.380444,0.33819,0.469016,1.4187,0.721116,0.160856,0.658552,1.15599,-0.134592,0.039774,1.37409,0.114426,1.75602,-0.680598,0.0602884,0.836214,1.25176,0.564464,0.412573,0.0750842,1.6892,-0.97116,-1.29503,1.07337,1.00332,-1.06442,0.0476222,0.160167,0.999651,-1.24355,0.563788,0.255888,-1.04064,1.05426,3.05459,-2.35754,-0.0454498,-1.03547,-0.928414,0.383991,0.0674734,-0.313088,0.592933,-0.382648,0.62497,-0.154902,-0.751656,-0.309013,-0.25094,-0.892708,1.23959
-1.30915,0.787481,0.739058,-2.24817,1.57838,0.576731,0.225774,-0.665672,-2.97546,1.1548,0.152672,1.82442,-0.370135,-0.023034,1.53875,-0.12209,0.192088,2.06801,-0.681293,1.26967,-1.01242,-0.238775,-1.43163,0.294486,-0.0214363,-0.740779,1.18205,-0.0804821,1.20493,0.0453493,1.32067,-0.528146,-1.16522,-0.482443,0.748339,1.28335,2.41223,0.482785,-0.107323,0.957753,0.189077,1.07886,-1.14493,0.051965,-1.65254,-0.938169,1.37313,2.20455,0.554591,-0.611788,-2.08843,0.330974,-0.355303,0.385526,-0.207469,0.104473,-1.63232,-0.177895,0.653384,-0.707907,2.53501,-0.886223,0.14664,-0.644342
0.665579,-1.50541,0.453368,-0.736204,0.381641,-1.62047,0.818206,0.444988,0.702177,-0.401029,0.638755,-0.271141,-1.55524,0.761431,0.578519,-0.152559,1.35452,-1.04184,-0.859338,-0.585874,-1.89481,0.642998,0.50433,-1.22581,-2.17142,0.0732264,0.0367423,1.7615,0.717764,0.596615,-0.225142,0.104219,1.01292,-0.515169,-1.87521,-0.140468,0.362152,0.315799,-0.0717811,2.26625,-0.994646,-0.564494,-0.377429,0.480498,0.550643,-0.895098,-1.82345,1.00037,0.654011,-1.00084,2.22819,0.424833,-0.0414065,0.336903,0.0103411,-0.697408,-0.0914851,0.843161,-0.482617,-0.30165,0.393831,2.36547,-0.201594,-0.551102
0.155657,-0.118545,0.334805,-0.595922,0.613141,0.965572,-0.409364,0.596111,-1.39879,-0.0415204,-0.886307,0.129988,-1.65508,0.489733,0.178166,-0.00867692,0.031955,-1.15664,-1.09367,0.313232,-0.464678,0.69098,0.827787,-0.759276,0.998889,0.494438,0.906554,-0.886708,0.431361,2.05351,0.0377736,0.253588,-0.314808,-0.455962,-0.185595,-0.157731,0.363715,1.13254,-0.444189,0.801289,0.815433,0.472817,-1.28541,-1.12436,0.15582,0.129417,-0.412868,0.547679,1.62193,2.41198,0.0133983,-0.739245,1.07293,-0.394467,1.22027,-0.299655,1.42383,-0.123669,0.300742,-0.109284,0.177356,-1.57309,-0.00250055,0.620892
-0.9113,0.966264,-0.327957,-0.205048,0.27334,-0.555834,2.26418,0.540655,1.41263,0.613946,2.11278,0.33629,-1.04438,0.0710448,-0.659284,0.663953,-0.36522,-0.0178389,-1.0969,-0.380077,0.308151,-0.506578,-0.943038,2.57114,0.365891,-1.08281,0.247474,0.677758,-0.545987,2.99944,0.697201,-0.528368,0.0540137,-0.00727432,-1.08225,1.72758,-2.03057,-0.253389,-1.13202,0.554034,0.435889,0.761002,0.474605,2.75355,0.981671,0.346206,0.39338,0.146608,-1.06177,-0.249282,-0.00559896,-0.561156,-0.542668,-0.316532,-0.347745,0.279704,-0.0571521,2.15604,1.15976,-4.54125,1.07769,-0.106795,0.026814,0.984776
-0.946138,1.33314,1.07921,-0.908213,1.68194,-0.725361,-1.1316,0.908493,1.18426,1.35229,-1.27489,0.542578,-0.113764,-0.211596,0.642993,-0.851108,-0.430029,-0.0587153,-0.625855,-0.300322,-1.29853,-1.16031,-1.07566,-0.629918,-0.744992,-1.81128,2.39429,-2.28907,0.958975,1.11552,0.581536,-0.0886216,-0.703705,-1.98245,-0.999235,-0.319162,0.536775,0.107909,-0.572542,-0.276262,1.35725,1.04316,1.00114,1.64207,-0.19262,0.124834,-1.21242,0.142763,1.04193,-0.491526,-0.253347,1.09187,-0.701978,0.406354,-0.345582,-1.09966,-0.35429,0.0481724,0.476169,2.01598,-2.16116,0.60971,-0.70168,0.620425
0.350976,2.89811,0.899594,0.991608,-0.698484,-0.8086,1.37971,0.418399,0.809603,-0.0269574,0.0530137,-0.538875,0.637049,-0.246424,-0.319312,1.2094,1.22706,0.932134,-0.50839,0.336301,-1.46776,1.06768,-0.770879,2.15996,-0.436326,0.705185,-0.542239,-2.06674,-0.611026,1.50917,-1.08799,0.294203,-0.695924,-0.745486,0.249044,0.429862,-0.845253,-0.241228,-0.578607,-0.672104,-1.12534,1.31413,-0.74257,-0.141961,-0.385931,-1.38759,1.52087,-0.226411,0.182324,-0.678944,1.57779,-1.50156,0.369139,0.505296,-0.905335,-0.0770201,-0.658723,-1.0186,-0.15864,0.105647,0.330938,0.371458,0.0749059,-1.11076
0.0156967,-1.70056,1.08804,-0.678373,-0.236179,-1.13185,-0.443237,0.291984,-0.581769,-1.19926,0.0405328,1.32205,1.29947,1.03428,2.0953,-1.51973,-0.652297,-0.261494,1.07891,-0.899553,-2.32215,1.20942,-0.246101,-0.460046,1.48877,1.36103,-1.04837,-0.274623,-1.01766,-1.01781,0.129721,0.739766,-0.815217,0.545005,-1.11516,0.952836,0.93198,0.696458,-1.4455,-2.41591,0.739808,-0.133119,0.499426,1.20729,-0.51708,-0.520868,1.06356,-0.683454,0.090665,1.49629,1.42947,0.235635,-0.683821,0.85289,-1.35318,-0.186875,1.07257,-0.295236,0.83425,-1.34604,-0.489124,0.415359,-1.51229,1.80619
-0.0816392,-0.94815,0.482546,0.826938,0.178485,1.24669,-1.17288,-1.61348,0.20713,-0.773214,0.433152,-0.423859,1.03581,-1.06029,-1.8465,-0.387921,-0.204616,-0.918459,0.373534,0.967543,0.265158,0.0105266,-0.777147,1.154,0.555472,-0.261282,-2.73832,0.618351,0.847261,1.77116,-0.237071,0.905937,0.703287,-2.10341,0.839252,-1.10035,-0.541979,-0.199296,-0.630075,0.116158,-0.0268505,-0.816639,0.580787,0.170297,0.437174,-1.40671,-0.300171,-2.3112,1.57437,1.92442,0.14176,0.68083,-2.01421,0.735415,-1.42079,0.540822,0.649847,-0.767794,-0.611435,-1.75939,1.09455,-0.779164,0.186456,-0.174291
1.37234,0.114573,0.212472,-0.970145,-0.38222,-0.665728,0.572775,-0.567967,1.24908,-1.23482,-0.390211,-0.0998073,0.783163,0.533562,-0.685545,-0.584211,0.330198,0.341923,0.883056,-0.228074,-0.519141,1.03959,0.0600177,-0.103853,0.0983707,0.251505,-0.25038,0.679912,0.474562,0.628147,-0.282882,0.377779,0.437142,-2.4805,0.768667,-1.2615,-0.558824,-0.470049,1.25312,0.973659,-1.21188,0.335382,-0.150827,0.056162,1.32208,0.935357,-0.883316,-1.01881,-0.100978,1.99771,0.345209,1.22375,0.661904,-1.70502,-1.93229,-0.822483,0.965731,0.978345,-0.115762,-0.684557,0.194744,1.36168,0.366307,0.764117
0.137819,0.203498,-1.32614,-1.40928,0.695973,1.3353,-0.265826,-1.25836,0.567535,1.4406,1.36175,0.875654,0.853713,0.0961808,0.201878,-0.247829,-1.29724,1.64039,0.122979,-0.554295,0.493032,-0.449872,-0.375987,0.499771,-0.678864,-0.236216,-1.49782,0.919661,0.58776,-0.235509,1.79448,-0.986448,-0.319061,0.86227,0.0673551,0.37504,-1.56835,1.53105,-1.99261,0.763441,0.214734,1.12632,-0.240932,0.142135,-1.40086,0.366633,1.41521,-1.56099,0.610761,-0.56341,1.27589,1.72263,0.0556795,0.140878,-0.895921,0.893244,-1.44554,-0.0464604,-0.21214,0.901621,0.722734,1.13841,-0.814174,-0.350422
0.450313,0.190625,1.21298,-0.700356,-1.98961,-1.07342,-0.911439,-1.30515,-0.21881,-0.279466,0.440894,0.631371,-2.47082,1.95199,1.0871,0.285649,1.52261,1.36002,0.519293,-1.96878,-1.89892,0.0888307,1.63614,0.255988,-0.178636,2.35994,-1.27623,-2.22503,-0.546083,-0.862773,-0.845671,0.994208,0.302483,-1.48388,-0.433598,1.07539,0.674971,-0.693639,-0.251968,2.69231,0.0311142,0.31856,1.0127,-1.2612,0.954812,-1.08237,0.202887,1.23198,-0.0723758,0.311061,-0.387821,0.0619628,0.923218,-1.97688,0.631007,0.650253,-0.248399,-1.64611,0.193062,-1.07897,-0.0485108,-0.309179,-0.0923095,-0.973334
0.226445,0.103776,-1.22303,0.290757,-0.903254,-1.00172,-0.561327,-0.0706303,0.932391,-0.0292413,-1.00839,-0.242237,-0.970316,3.01888,0.921166,-0.0926545,1.57169,1.11811,-0.163757,0.327079,1.39016,-1.0485,0.767429,0.655059,1.26044,1.61366,-0.00245668,2.19926,-1.17574,0.242723,-1.01482,-0.861782,-0.747372,0.366402,-0.317934,0.00106634,0.58571,-0.24547,0.3195,-1.1495,0.993487,0.757747,0.657945,-1.19073,1.71165,-0.446473,-0.959344,-0.0589725,0.350908,-0.766025,-1.84812,-1.36944,0.874682,-0.735183,-1.07998,-1.88888,-0.948735,-1.50459,0.235961,0.788928,0.791044,-0.296469,1.80242,-0.80125
1.14983,1.12505,0.752672,0.152307,0.849166,1.01925,-1.29885,1.46431,-0.340512,0.238212,-1.56466,0.396435,-0.248313,-0.221043,-0.554594,0.337485,0.121348,-1.22272,0.234799,-0.799922,-1.10245,-0.283272,0.365307,-0.096365,-0.589147,0.181198,-0.72252,0.616433,-1.35549,-0.812515,-0.0186519,-0.354891,0.456235,-1.21264,-0.865772,0.323195,3.76459,0.290602,-1.26274,-1.36997,0.580027,-2.02145,1.4784,1.94117,1.0854,-0.524204,2.18856,-0.19483,1.26643,0.676378,0.737604,-0.35211,0.464628,0.534977,-0.290588,-0.120693,-2.20905,0.232839,0.319488,-0.271295,0.0338834,1.14717,-0.515946,-0.131979
-1.20419,1.47808,1.12848,-0.168473,0.531634,0.584734,-2.16837,-0.225796,0.83568,0.236451,-0.871122,-0.507832,0.714099,-0.0722287,1.8213,-1.49473,-0.718525,1.24974,0.444274,-0.487973,-0.740025,-2.11544,-0.728595,0.283371,0.232593,0.00551946,0.274254,-0.477728,0.859523,0.295958,-0.458611,1.34904,-0.13151,-0.86972,-1.0475,-0.929567,1.2371,0.0900578,0.406778,0.834168,-1.22652,-0.284051,0.0906663,-1.38812,-0.212547,-0.521123,0.395952,0.414964,-1.03828,1.56043,-2.28626,-0.0703651,-1.07579,0.808869,-0.234273,-1.11081,-0.396457,0.815918,0.250565,-1.02798,-1.57725,-0.125411,1.33905,-0.186601
1.5051,-1.67634,1.11963,-0.727664,0.934084,-0.498667,1.74832,0.621291,-0.401371,-0.273853,0.380328,-0.940535,0.782944,0.669475,-0.45828,-0.514813,0.520392,-1.00346,0.32579,-0.225353,-0.964156,0.101746,-0.433429,0.615726,-1.36575,1.09078,-0.534548,-0.147373,0.125842,1.06479,0.451959,0.146498,0.75426,-0.237691,-0.515093,-1.22033,2.01164,-1.09366,-0.323877,1.08852,-1.58055,0.0171529,1.14356,0.267742,0.309823,-1.53868,2.48409,-0.0984849,-0.0445852,1.62384,0.331725,-0.279205,-0.636018,-1.24242,-1.86608,-0.420117,2.18852,0.123897,-0.168208,1.5548,-0.450225,-0.518464,-0.0267843,-0.935543
0.474671,-0.203909,0.853661,-0.655456,0.0334763,0.571796,-1.04508,1.34838,0.31205,0.163626,-0.403542,2.47487,-0.625068,0.386617,1.86582,-1.19515,-1.43215,-0.0586294,-1.08121,-0.910457,-0.164432,1.18044,2.2924,0.0439473,-0.241601,-1.76601,0.126834,0.191128,-0.270346,0.803126,-0.102647,0.000916847,-2.37769,-0.828595,0.183938,-0.585411,0.973264,-0.250009,1.01294,-0.0992137,-1.16925,1.87487,1.17435,0.281668,0.528743,0.0247395,-0.545545,-1.54376,0.495998,0.489462,1.06185,-1.42516,0.00530302,-0.444033,-0.420436,-0.622833,0.754043,-1.41367,-1.14461,-1.30901,-0.479629,0.0834929,-0.2925,-0.547425
-0.286493,0.887349,1.20694,1.19833,0.75934,0.694097,0.0896875,0.0481372,0.426935,0.0359364,0.395177,0.367533,2.00751,0.977293,0.61426,0.154105,0.751192,1.27202,-1.53531,-0.990198,0.126261,1.55856,0.103938,-1.00474,-1.5506,0.613907,0.322401,-0.888615,-1.09084,-1.07869,-0.377384,-1.4353,-0.930719,-1.10943,0.23955,-0.33758,0.255937,-1.01008,-0.467656,-0.293463,-0.365383,-1.00982,-1.0294,-1.66317,-0.209788,1.33594,0.990308,-0.700395,-0.539636,1.86513,0.385287,2.79885,0.137082,0.294678,-0.57779,0.550336,-0.20483,-1.1791,-0.0289184,1.31227,-0.266802,1.07169,-0.075172,0.937474
-1.42294,1.23122,0.252358,0.497844,-0.484733,0.106597,-0.549616,1.23536,2.27104,0.308025,1.38642,1.82989,0.823853,1.10522,0.305965,-0.968032,-0.108045,0.267231,-0.189091,0.3833,1.00724,-0.532714,0.644567,-0.264311,-2.30793,1.409,0.961535,1.51534,0.131865,0.128786,-0.548141,-0.558329,0.0655841,-0.173419,-0.386142,-0.425483,0.402214,0.288517,2.63347,1.27046,1.74174,1.48505,-0.54997,-1.35086,-0.29558,-0.630301,0.968831,0.693147,0.887322,0.542381,-1.22457,0.01486,-3.40134,0.917324,0.177106,-0.773732,0.660486,0.307576,-0.330135,-0.277608,0.175512,1.51252,0.544321,0.121267
-0.0363192,-0.456754,-1.69376,0.00757833,1.46809,1.43144,0.106073,-1.20726,-1.31763,1.26041,-1.65388,1.06695,0.0113492,0.444033,1.46538,2.22127,-0.266353,-0.77047,-0.914004,0.539226,-1.3801,2.89501,-0.579318,-0.820048,1.336,2.03424,0.213391,-0.761566,1.08459,0.630731,0.91435,-0.767474,-0.908657,0.151454,1.12703,0.78404,1.70175,-1.86641,-0.602057,1.1189,0.18923,-0.937776,-0.138064,0.631347,-0.0265331,-0.489097,0.683374,0.876232,-1.11333,0.605139,0.0803725,-1.98404,-0.910648,0.911017,-0.246277,-0.428258,-1.71672,0.810581,-0.342768,-0.147615,0.65776,1.10178,-0.65126,-0.245413
1.12895,-0.652646,-0.0721968,-0.190902,0.278004,-0.767668,0.606884,0.246939,-1.10734,-0.429639,-0.251728,-0.838062,0.165181,1.14741,-0.213002,-2.19959,1.16471,-0.759462,-0.925469,0.971579,-0.911576,0.584786,0.714787,-1.67078,-1.25541,2.24809,-2.06555,0.118128,0.653845,0.0931571,0.330931,-1.32676,1.23366,-0.273167,-1.79876,-0.0433387,-1.33936,0.716073,0.193856,-0.619959,-1.37333,-0.551467,-0.0447966,1.79804,0.336102,1.20322,0.688718,0.0707785,0.43091,0.696039,-2.49235,0.460664,-0.301703,0.419663,-0.776018,-0.657329,0.56522,-0.272911,-0.188782,-0.158805,0.597274,-1.20864,0.845286,-0.757818
