2.18874,0.817723,1.78161,-0.399337,-0.22503,-0.071359,-0.065713,-1.74626,1.35668,0.214699,0.944347,0.305745,1.28716,-0.678135,-1.63923,-0.125927,-0.562999,0.801771,0.695354,-1.02547,0.288293,1.62841,1.48023,0.639125,1.38724,-0.330835,-0.961596,0.306423,-0.0906251,-0.455188,-0.319902,-0.854262,0.145573,0.713528,0.102208,-0.334766,-0.758207,0.509251,1.16511,-0.69396,1.1373,-0.266659,-0.216797,-0.788383,0.996122,-0.154272,0.458226,-0.285628,-1.07057,-1.15701,2.20201,0.883649,0.786408,0.473726,-0.714267,-1.12039,-0.146541,-1.18813,-1.36813,-0.239187,0.974933,0.438474,-1.07427,0.703292
-0.10277,-1.16084,-1.00537,-0.629628,-0.677905,-0.257996,0.777056,0.200317,0.740158,0.510874,0.725639,-1.38729,-0.969326,0.699836,0.150205,-0.944824,-0.56063,-0.863574,-0.599571,0.671075,0.201852,2.83107,-1.28584,-1.10802,0.528954,0.313994,-0.253636,-0.769829,-1.81989,-0.830495,-0.757794,0.334684,0.75163,1.1466,0.626158,-0.489129,0.498405,0.0821469,0.616808,1.45705,-0.397426,-1.86251,0.413783,0.0727425,0.643744,1.23841,0.391063,0.274729,1.19197,0.0979446,-0.0527648,0.666944,0.845203,-1.57218,-0.680775,-0.3441,-1.34278,-0.0514504,0.390327,-0.513661,-0.53375,0.331065,0.709893,0.0682098
1.34214,1.38437,0.323779,0.583739,0.968764,0.387766,-0.0522921,-0.764915,0.260362,-0.707746,1.65452,0.555956,0.495909,0.84199,1.7827,0.0837037,0.757208,1.06052,-0.674088,-0.837336,0.416337,-0.64843,1.04076,-0.537879,-0.513882,0.533025,0.0726045,-0.185792,0.506196,1.26356,-0.815616,-0.0905325,-0.185669,-0.466574,-0.903965,1.15103,-1.13982,-1.47289,1.28759,0.844569,0.516171,0.122273,0.977139,0.0705967,-2.53652,-0.324663,-0.701938,-0.290234,0.585814,-0.180679,-0.989092,-0.567626,-0.734808,-0.136813,-0.326768,0.846497,0.459183,0.545611,0.244047,0.62879,-0.948615,0.351551,0.221695,0.156385
-1.82118,0.106699,-0.413095,-1.01356,1.02694,0.756198,-1.00817,2.90688,1.06134,0.045354,0.68018,-0.98495,-0.201699,1.02784,-1.32953,-1.32109,0.377781,1.07776,0.306279,-0.524378,0.923196,-0.446383,0.0191677,-0.785611,0.0205182,0.216395,-0.525591,-0.808945,-2.10564,-0.486386,-0.162079,-0.71047,-1.782,0.302992,-0.0295626,-0.307532,-0.155723,0.682751,-0.248046,1.73769,-2.09431,0.373309,-0.218313,0.562902,-1.23532,0.315476,0.260999,-0.0786056,1.18103,0.536437,-0.587462,0.651822,1.40845,-0.629171,-1.66149,-0.512049,0.477548,-0.538862,0.278729,0.195185,-0.0378364,-0.323772,0.669841,-1.62496
-1.10642,0.0160289,-0.0684437,1.83992,0.196998,0.460783,0.0718111,-0.461515,2.03093,0.15623,0.83898,1.16123,1.54502,-0.0678306,-0.992889,1.18809,0.445602,-1.34498,1.06773,-0.22259,0.679382,0.914565,1.10667,0.706615,0.225282,-1.27202,0.466862,1.19572,0.343486,0.218842,-2.91042,0.300488,0.758447,0.145982,0.924149,-0.337016,0.520087,2.07668,-0.351027,0.580189,-0.925343,-1.32364,-0.548442,-0.547385,-0.933148,-1.26276,1.60012,-0.28647,1.0327,0.218794,0.98773,-0.49058,-0.942798,-0.830408,0.248836,1.42334,-0.261282,2.67199,1.67245,0.405462,-0.835453,0.57021,0.49403,0.0823759
-0.15334,-0.753392,1.00089,-0.62418,-0.3535,-0.208247,-0.904568,1.61064,0.90811,-0.851104,2.10551,-0.894676,0.926129,0.447034,-1.21655,-0.0469968,1.76149,0.164971,0.0155452,-0.697922,-0.410824,0.377289,1.08755,-1.9252,-0.0563848,0.725637,-0.614889,-0.181829,0.546386,-0.0451372,0.330087,-1.96644,-0.106253,-0.0463964,3.02524,-0.6815,-0.104401,-0.0580141,0.280873,1.31124,-1.64046,0.841874,-1.43433,0.0801397,0.725198,-0.205156,0.889141,-0.359624,-0.302956,1.17239,1.84828,0.464642,-0.138831,-0.470652,-1.52059,-1.16967,0.124279,0.340063,-0.29985,0.463504,-0.385759,-0.715832,0.98648,1.69312
-1.84537,-1.4191,-0.844756,2.02378,3.2312,-0.30028,0.461295,-0.216111,-0.790212,0.0258073,1.38332,-0.885503,0.264471,0.773767,1.06745,-0.330614,0.0942966,1.53277,2.02091,-1.325,-0.13104,-0.798396,-0.924092,1.30312,-0.55659,0.0136003,2.26373,0.117469,0.887608,1.4518,-0.818926,-0.917277,-0.61948,-0.854002,-0.204055,-0.787026,-1.05112,-0.742557,-0.749221,-1.09866,-0.176954,0.63408,1.22633,-1.20948,0.461719,0.330994,1.26195,-2.38289,-0.547644,1.20935,-0.17744,0.744293,-0.427867,0.550241,-0.249688,-0.108887,0.303328,0.0347509,-0.00598432,0.874989,-0.0585864,-2.06214,-1.34613,-0.0332545
-0.61446,0.357147,-0.415656,-0.386012,-0.760428,-2.35515,-0.0411515,0.668355,1.48644,-0.371679,0.670495,0.112661,0.0573536,-0.207838,1.18565,-0.462488,-0.772784,0.0362568,-0.4623,-1.16404,-0.248731,-1.36929,-1.655,1.30835,0.0757435,2.67244,1.25839,1.07274,0.11804,-1.09115,0.00696935,0.0690795,-1.54542,0.761358,0.972327,-1.21086,-1.93258,0.551664,-0.795068,0.861593,-0.93653,0.00811222,0.826224,-0.75196,0.203905,2.16923,-0.420595,-0.792524,0.186573,0.271257,1.03681,-0.408859,0.917842,0.875213,1.91298,-0.138202,-0.200771,1.02643,-1.81421,-1.90372,-0.535656,-2.32567,-0.55381,-1.04506
0.561407,-1.41663,-0.895831,-0.467267,-1.77729,0.797021,0.110036,-0.362644,0.665941,-0.503743,-0.562376,-3.438,-1.33504,-2.11389,1.52747,2.38791,-0.802863,1.48402,-0.010688,-0.282522,0.147768,-1.73684,-0.553959,-0.552695,1.19009,0.391783,-0.747083,-1.41365,0.384852,-2.10041,0.368903,-0.17673,-0.622536,-1.69499,-0.0316364,0.0633174,-0.684259,1.23334,-0.277097,1.06462,1.24204,0.47938,-0.23463,-0.720834,1.16886,-0.528763,-0.185741,0.102285,0.777782,0.914188,-1.07614,-0.770172,-2.52054,0.133497,-1.6975,1.10527,-0.29418,0.406724,0.515186,-0.0776577,-1.25809,-0.514205,-0.620617,0.413326
0.0386507,0.0764924,-1.01149,2.48443,0.341766,0.286845,-0.362542,-1.83783,-0.326748,-1.1713,-1.48671,0.874253,0.463816,-1.38719,0.0942736,1.51228,0.680187,1.69119,-1.12042,0.650932,-0.33387,-0.0101758,-0.394952,-0.450589,1.45215,-0.991845,-0.767099,-1.79039,-0.488509,-1.4507,-0.0835617,0.413538,0.435387,-0.150181,0.149095,-1.27683,0.364806,0.0716685,-0.0462364,0.447371,-0.180483,0.0785183,1.17091,-0.822838,-0.774588,0.102164,0.394206,1.78158,0.485394,0.145259,-1.55997,1.04258,1.33106,-1.35997,-0.042762,1.17577,0.753796,0.48052,0.830442,2.53584,-0.298488,-1.2275,0.922261,0.782885
-0.27672,-0.0862662,-0.772145,-0.76129,0.775653,-2.44881,-0.291425,0.0298639,0.913403,0.530354,-0.631088,-1.853,0.454722,0.549801,0.0103678,-0.263024,-0.486143,-0.181524,2.07334,1.12213,-0.0881795,1.69346,-0.0541451,-0.333711,-0.364493,0.185639,-0.429638,0.231185,0.728755,0.905582,-0.241229,-0.631974,0.931352,1.55173,-0.863064,0.541858,-0.403174,-1.11177,-0.2782,-0.104514,1.29142,-0.594058,0.477659,-0.073897,-0.426791,0.65693,0.0673947,1.81671,-0.41878,0.912169,0.0312786,0.279175,0.87636,-0.819793,1.37569,-1.49299,2.36073,-0.877562,1.47242,-0.749714,-0.567771,0.0641393,-0.073529,1.68932
0.127689,0.040756,-1.36325,-0.458199,0.517412,0.250493,1.15598,1.49679,0.981813,-1.87808,-1.49474,-0.569489,-0.0587176,1.2149,-0.190671,-2.01334,0.27997,0.106611,1.23235,1.39626,0.653985,0.561687,1.09664,1.26795,0.633364,-0.871198,0.0410927,-0.983743,-0.876759,-1.70867,-0.423158,-1.25947,0.559268,1.56471,-1.32777,0.207898,-0.528518,1.10684,-0.292963,0.560674,0.0990109,0.776361,-1.10519,-0.686697,0.390227,-2.36839,-1.56877,0.421229,0.905609,0.859293,0.283143,1.41333,0.974567,-1.55528,-1.32158,-1.38677,-0.235176,0.542284,0.642526,-0.487315,1.24529,-0.53768,0.682933,-0.690648
-1.02505,-0.477075,0.844503,-1.41061,-0.794203,0.961162,-0.483019,0.440607,0.182362,-2.1499,1.0911,0.673071,1.47195,0.0917524,0.330212,0.0255483,1.24646,-2.8297,-0.687264,-0.341649,0.892465,-0.343932,0.211145,-0.415484,-0.831873,-1.67318,-0.971266,-0.77782,1.58248,0.250947,0.104429,0.349097,1.19406,-1.43474,0.614732,-0.952445,1.60131,0.852794,0.732657,-2.85058,-0.343917,-1.38677,1.33344,-0.776707,-0.846812,0.160728,0.495865,-1.08418,0.0700785,0.618303,0.772855,1.15256,0.831751,0.104855,0.589845,0.328089,0.142096,0.235784,0.0408614,-1.04269,-0.809353,-0.533744,0.621847,1.58865
-1.32018,2.29015,1.87452,1.5238,-1.69016,-2.17074,-1.02132,-0.410412,-1.36786,1.54666,-0.503659,0.59765,-1.27753,-0.442597,1.73624,-0.796875,0.740954,-0.594971,0.608563,1.53099,-0.144956,1.45068,0.798517,-1.94107,1.07014,-1.39723,0.0567862,1.13537,-0.181888,1.15824,-0.0477233,-0.31139,-0.869178,0.809883,0.933032,-0.697613,-0.477336,0.309392,0.00219773,1.2075,0.0692217,0.155314,0.522371,0.938151,1.40504,0.637407,0.991327,-2.11673,-0.0589232,0.639861,1.81161,-0.390079,0.0822177,0.014099,0.0734359,0.640948,0.952336,0.388697,0.178185,-0.573795,-1.60296,-0.68143,-0.631423,0.336306
-0.492188,0.611652,-2.62674,-0.52957,0.401246,-0.560324,0.616123,1.25822,-1.03713,0.844185,-0.594674,0.729579,-0.239725,-1.50928,0.106706,1.28431,0.162914,0.111201,-0.23583,-1.95206,-1.09785,0.411805,0.0663477,0.97757,0.233149,-0.486146,-1.06087,-0.614124,1.10054,0.897799,1.06247,-0.395543,0.671769,0.553211,-0.229522,0.0494552,-1.17433,0.573898,-0.189812,0.311869,-0.909373,-0.110019,0.459202,-0.370027,-0.857076,-0.359749,0.135819,1.0367,-1.11863,-0.484137,0.810533,-2.10411,-1.34582,1.43857,-0.367662,-1.73847,-0.323671,-0.299627,0.406622,-0.104111,1.79352,-0.547829,0.102035,-0.375372
-0.750461,0.810945,-0.371322,0.45884,-0.411272,0.00676278,-0.677204,0.887819,-0.693945,-0.733974,-0.296728,-2.05677,-0.00406268,0.240202,-1.20178,0.338265,0.388991,0.582227,0.156145,-0.135271,-1.58774,0.279642,-1.72071,-1.04748,1.20874,-0.883618,0.423318,-0.998267,0.146498,-0.830203,0.794394,2.74711,0.174918,0.0548481,-1.09759,-1.43588,-0.15501,0.263831,-1.08732,-0.743318,-1.00932,-0.874437,-0.366516,-0.800891,0.495611,-1.65998,-0.302733,1.07813,-0.199689,-1.6869,-0.418916,-0.501124,0.525604,0.216404,1.61636,-0.0954154,-0.379507,-0.785159,0.342006,0.615773,1.77468,0.771121,-0.679582,-0.622648
-0.0803006,0.84972,0.358961,-1.20958,-0.355068,-1.26459,-0.832507,0.841478,0.774549,-0.143211,1.28171,0.114172,0.627386,0.173437,-0.458585,0.027165,0.314638,-1.33144,-0.444393,0.254584,0.972078,1.84712,-0.376234,-0.399834,-0.465044,-0.237379,0.761083,-0.0510317,1.20073,0.815666,-0.185923,-1.48844,-2.06428,1.0426,1.28272,0.923197,-0.768289,-1.41171,0.0749643,0.0668097,-0.383681,0.175654,0.479053,-0.615601,1.49865,0.960871,-0.229274,-0.261488,-0.118981,1.54571,1.30304,-0.0283436,-1.33817,-0.285582,0.979971,-0.584341,0.347042,0.409366,0.220632,0.380002,1.18077,-2.12378,-0.139914,0.374494
0.711261,-0.364934,1.07122,-0.682823,-2.10099,1.10576,-1.06363,0.983091,-0.120138,0.545137,2.18036,-0.751756,2.33429,0.551588,-1.57553,-0.496594,1.48292,0.433311,-1.24746,0.41604,0.381384,-0.794052,0.0167025,-0.87182,0.629613,0.665666,-0.0806174,-1.48773,0.55187,-0.616317,0.0609061,-0.905405,0.489385,0.732959,-0.613358,1.3676,0.113964,0.676554,0.175529,0.582923,0.254552,0.346212,1.38652,1.50361,-0.806448,0.678447,-1.54011,-0.72177,-0.154431,0.404946,-0.141441,1.1935,0.0798449,0.318668,-0.862989,0.0154653,-0.201943,-1.02366,0.780143,0.940606,1.51144,-0.53539,-0.28009,-0.666812
0.109944,0.0373602,-2.45952,-0.180615,-0.035637,-1.0462,0.608508,-0.689641,-0.721302,-1.28382,-0.947398,-0.331625,1.02472,0.854357,0.344576,-0.512864,0.0839449,1.35651,0.32305,-0.0968529,0.194894,0.102854,0.0411541,-2.43666,-1.26506,-1.57236,-0.791538,-0.194494,0.568495,-0.800979,0.0469037,0.206356,-0.490868,0.543681,1.35733,-0.110066,0.843144,0.284054,-0.176815,-1.27255,-0.715272,-2.49844,0.205924,-1.26484,1.09249,0.865941,-0.169001,-2.13308,-0.7759,0.424231,1.12149,-0.560652,-1.79645,-0.732099,0.278309,2.09268,-0.309148,3.0394,-1.36218,-0.652145,-2.09371,-1.22349,-0.804022,1.15997
-0.690948,0.153235,-1.68913,-0.0864321,0.740522,1.18983,-0.08399,0.877836,1.32242,-0.592109,1.52236,0.10522,-0.694997,-2.00869,1.22965,0.408442,0.764611,-0.15434,-2.00283,-1.24205,-1.85112,0.0553869,2.38112,0.198914,2.02847,0.0266429,-1.68668,0.778211,0.52464,0.51759,0.367138,0.575275,0.234658,-0.0795666,0.973636,-0.31943,-1.09153,-2.49714,-0.369027,1.07675,-0.64131,-0.236642,-0.584494,0.725951,-1.44401,-0.455677,-0.705577,0.741508,-0.276423,1.00694,0.138032,1.44045,-2.29698,0.664391,-0.882656,-1.19266,3.54065,0.600529,0.975245,0.982979,0.646205,-0.178201,-0.0971937,0.64876
0.271978,1.00686,-0.699519,1.34895,0.0438066,-0.677431,-0.573859,-0.20664,-0.654718,0.167579,0.945246,0.560178,0.619758,-0.120688,0.987602,1.04822,-0.0856482,-1.35967,1.88842,0.0306245,-0.881724,1.30587,-1.36228,0.162103,-1.13813,1.56537,-0.57264,1.14976,-0.762931,-1.24597,-1.29502,0.998059,0.571379,-0.694968,0.647998,-1.0657,0.728508,-2.09428,-0.34093,-1.14066,0.0764454,-0.469141,0.727575,-0.313798,0.122363,-0.166382,-0.869525,-1.5714,-1.60321,-1.31291,0.0230492,-0.849827,0.379498,-0.14514,1.44845,-0.38599,-0.443606,0.563063,-0.564486,1.05946,0.807124,2.473,-0.832951,0.654698
-1.72676,0.540862,-0.716802,-0.551846,-0.473959,-1.27931,-0.448447,1.47678,-0.544297,3.2804,2.63105,-0.774669,-0.744808,0.0284049,-0.726645,-2.05183,-0.828237,-0.3647,0.882962,-1.53376,1.78621,-0.852119,-0.378523,-0.0437682,-0.387321,-0.971447,-0.785061,-0.899515,-0.229636,-0.664415,0.143057,0.232883,0.894761,0.673901,0.407698,-0.420328,-0.997272,0.17828,0.124974,-0.713802,1.33392,0.501177,-0.282815,-0.625658,-0.0867435,0.227648,-0.480173,1.38115,-0.0523034,-1.74275,-1.32843,0.692611,-0.217885,1.7137,-0.145809,-0.570961,0.329762,-1.29192,0.365109,-0.382901,-0.0368035,-1.00284,0.340323,-0.369122
-0.0297242,0.632673,0.0214345,0.746853,0.147769,-0.0810166,0.198067,-0.365939,1.33356,-0.584356,0.520915,1.02688,-1.56614,2.33933,-1.46025,0.35895,0.0039698,-0.475813,-0.0334858,0.340812,1.35632,-0.827873,0.277491,2.21047,0.2908,-0.0510367,-0.22291,1.5272,0.82636,-0.452905,0.804079,-1.27376,0.572363,1.55519,-0.165739,0.589922,2.1006,-0.105095,-0.373652,1.56022,1.07696,1.36582,-0.699608,0.411133,0.711681,-1.00627,-0.515469,-0.120341,1.72359,-1.08612,2.20527,-0.774963,0.180032,0.80373,-0.533624,1.35782,-1.87966,-0.563014,0.0310982,-1.27338,-0.198099,-0.576157,0.223604,1.93713
-0.37357,-0.286432,-0.597908,-0.750452,0.731877,1.17827,0.331532,-1.16315,0.0498821,-0.345276,-0.399747,0.00180243,0.26641,1.22056,-0.726704,1.35345,-0.716161,1.6184,-0.479699,0.525666,-0.0872493,-0.681747,0.545399,-0.717609,-1.28907,-0.148267,-0.592534,0.584607,-0.663875,-0.301298,0.445334,-0.308029,0.512075,0.917409,0.0789066,1.72652,-0.235694,0.848015,0.645941,0.695739,0.181078,-0.965658,0.584305,-0.0940077,-0.229317,-0.346282,0.478087,1.76745,0.296508,-0.212399,-1.06177,1.3372,0.0422723,1.72609,0.801892,2.0638,-0.929264,-1.61507,1.43551,-0.953798,-0.288548,-0.963144,-0.680509,-0.783182
1.30462,-1.08239,0.352243,1.32504,0.0527833,-0.562607,0.491769,-0.946679,1.41261,0.960772,-0.649478,-0.275348,-1.59076,-0.35051,-0.368679,-1.44806,3.04887,-0.188845,-1.43575,-0.661618,1.90788,-1.34469,-0.497636,1.16241,-0.9507,0.438693,1.29033,0.0389307,2.00878,1.43739,-0.399115,-0.312821,1.03992,-0.00380467,-0.12069,-0.014204,-0.752674,-0.00246014,1.46148,-0.951192,0.937183,-0.105856,0.148093,0.200183,1.14722,0.576589,-0.0414428,-0.191188,-1.59636,-0.735093,-1.61092,-0.647046,-0.169368,-0.0822072,0.420984,-0.315664,0.1055,-0.436956,-0.540247,-1.42473,-0.553644,2.02511,1.37262,1.3895
-0.624043,-0.418182,-0.199308,-0.632897,1.21523,1.44811,0.0226568,-0.637569,0.775611,-1.58843,-0.241059,0.0395909,2.32444,-0.354928,1.48452,1.52812,1.1746,0.527479,0.362379,-1.43624,-0.219213,-0.861323,1.00619,2.66368,0.0640751,1.34253,-0.51379,1.74868,0.371033,-0.248764,1.06683,-2.23265,-1.79926,1.30806,-0.73924,-1.74669,1.64973,-0.322578,1.28101,2.16735,0.0733456,-0.383811,1.67145,-1.70177,-0.519857,-0.195593,-2.15006,-0.28373,1.6535,0.319701,-0.555563,1.19066,-0.395609,3.18869,1.39912,-1.15735,0.479846,-2.10254,-0.0988464,0.00603468,1.83634,-1.65736,-1.22734,0.202286
-0.81407,1.35473,0.936103,-0.372923,0.800359,1.42833,-0.644576,0.55193,-1.85756,1.42658,0.0995237,-0.851926,-0.684574,-0.779784,0.0246667,0.68001,-0.853045,1.73398,0.234823,-0.660755,-0.20277,-0.48701,-1.97425,-0.575188,0.378681,-0.327457,0.700269,2.52094,-0.854242,-1.70221,-1.51787,-0.151127,-1.10379,0.75595,-0.607206,1.03654,0.108342,1.49933,0.413693,-1.88778,0.36354,-0.258877,-0.20909,-0.985917,0.502569,1.45558,-0.491828,0.58869,0.03206,0.282128,2.34515,1.55958,2.4333,0.575156,0.983614,-0.162466,-0.835166,-0.148837,0.840391,-0.400177,1.19313,0.479733,-1.22563,-0.677464
1.51948,0.559796,-0.175577,-0.91328,1.41665,-1.49141,-0.932473,1.08727,-0.708545,-0.16418,-0.368771,-0.213486,-1.12766,0.570583,-0.852154,0.461877,-1.43572,-1.76836,1.0008,-0.423656,-2.08992,-1.00711,0.179988,0.674415,-1.86746,1.25,-0.416881,0.583681,0.733848,1.10451,0.941683,-0.396066,1.19085,1.73168,-0.58113,0.176413,-2.56806,-0.909877,0.85183,0.0982082,0.442312,-0.497213,-0.561418,0.641623,1.12955,0.957371,-0.3433,0.91911,-0.635344,-0.0085277,0.338466,0.50556,-0.193081,0.751078,-1.5878,-0.416804,-2.50225,2.43108,-0.183895,0.727093,-0.404848,-0.973962,-0.0925623,0.244896
-0.126084,-0.950671,-0.20868,-1.68903,1.48835,0.863519,0.0308849,1.12272,-1.00963,-1.78318,-0.445355,-0.0167056,0.349303,-0.244895,0.162175,-0.972165,2.45342,0.522697,0.896815,-1.05608,0.59138,0.887012,1.3211,1.51339,0.225615,0.876562,-0.277062,0.878113,-0.347377,0.244719,-0.220167,0.232028,-1.20617,0.155529,-0.122276,0.423107,0.326855,-2.44276,0.0760159,0.812334,1.49499,-0.667159,-1.32055,0.284951,0.173765,-0.436371,1.05902,1.76136,1.26779,-1.77658,-1.91939,-0.552971,1.45458,-0.405577,-1.29517,-2.13653,-0.130586,-0.714167,-1.57508,-1.09429,1.99724,0.466335,1.02882,-0.641997
-0.410975,-2.1691,0.327904,-0.290646,0.0500245,-0.603925,0.433533,1.27166,0.146957,-1.17902,-1.35116,-1.37197,0.542827,0.377637,0.440788,-0.00295314,-0.548363,0.27727,-0.262532,-0.443057,0.256962,-1.70351,0.996001,-0.693484,1.84032,0.870324,-1.06035,1.90401,-1.08951,1.02945,2.09489,-0.769048,-0.267198,-1.52071,0.98717,-1.0372,0.799778,0.661769,-0.834201,-1.0279,0.54456,0.214055,-0.414427,-0.8967,-0.122499,1.7268,0.886074,1.5982,-0.240725,0.180205,0.653895,-0.681304,-0.60477,-0.300575,-0.682031,-1.18164,-0.0832308,0.0190756,0.936923,-0.411205,-0.980924,0.953466,0.479698,0.64832
-1.06355,-0.76122,-0.373353,-0.115055,1.50939,0.191591,-0.936328,-0.52554,-0.0769902,0.0258392,0.511015,-0.85865,0.886958,1.60102,0.0848313,-1.13685,0.550904,-0.216105,-1.04647,-0.644333,0.0811099,-0.238037,-0.456147,-0.16002,0.684462,2.34849,-0.246044,1.13928,1.10113,-0.39199,-0.84779,0.261492,-0.673312,1.20279,0.777652,-2.1038,-0.0989358,1.81121,-0.328603,-0.640478,-1.99853,0.165427,0.41986,-0.756293,-0.381002,1.67881,-1.07025,2.21758,-0.15319,0.17338,-0.557179,-2.82718,0.153666,-1.33031,0.00493827,-0.691151,1.377,2.36961,0.763026,0.176215,-0.947249,0.2264,1.3917,-1.08323
0.324698,-0.178788,-0.829393,-1.33896,1.95462,1.18314,-0.639204,0.260636,1.935,-1.41414,-0.268981,1.29041,0.938407,0.79898,-0.298136,-0.29554,-0.778214,0.877513,1.16,0.700484,-0.826449,0.700953,-1.51807,-0.201498,0.230702,-0.398373,-1.10802,-0.873774,-1.22958,-0.0658582,0.441539,0.182311,2.21533,1.44357,-0.439508,1.48,-0.528462,-0.1623,0.312166,1.73428,0.189598,0.614365,0.848757,0.708111,-0.842711,-0.155167,-0.540222,-0.381771,1.06267,-0.802852,-0.596183,-0.117563,-2.32763,2.10743,-0.429419,0.997911,1.53944,-0.716398,-0.710022,-0.187709,0.0109448,0.601368,0.205699,-0.225435
-1.07291,-0.55986,1.41497,-0.329972,0.377913,0.210837,0.0283772,1.67327,-0.220253,-0.47567,-0.974173,1.37838,-0.499643,1.38408,-1.25207,-0.887501,1.28578,0.826865,0.822935,0.398656,-0.0167306,-0.369865,0.470294,-0.0897407,0.104614,-1.50783,2.18372,0.399129,-0.221218,1.50933,0.630441,0.239679,-0.228901,-0.23457,0.464069,1.37782,0.544392,0.15902,-1.07119,1.91023,1.20307,-0.0880185,1.01045,-0.984141,3.25152,0.494891,-0.654429,-0.0418177,-0.00470495,2.16457,-0.2823,0.592841,-1.01652,0.617486,-0.0861783,0.0806912,1.94925,-0.568123,-0.88261,-0.34573,-0.036552,0.0592358,1.05608,1.54786
-0.539734,-2.13029,-1.9264,-0.739177,2.04611,0.258135,2.32797,-1.58669,-0.142936,0.120456,0.500422,0.46993,-1.70731,0.0330964,0.582243,-0.0156631,-0.522161,0.294155,-1.09295,-0.563288,1.03592,1.39409,-0.0474267,0.117101,-0.164509,-0.673096,0.850427,-0.993575,-0.270622,0.901113,-0.191107,-1.1667,-0.727196,1.24617,-0.613905,-3.29349,-0.457504,0.645608,1.27656,-1.40669,-0.985228,-2.31451,0.589548,-0.0151594,-1.29478,0.4086,0.590159,0.0368254,0.618584,-1.0864,0.00613865,-0.776423,0.346851,0.507336,0.127166,-0.309888,-0.0409164,-1.05624,-0.981534,1.07799,0.626403,-1.48867,-1.30818,0.284961
2.01556,-0.224645,0.716424,0.507992,0.626579,1.64937,-0.337092,-0.853011,0.563583,0.353921,0.744191,-0.124474,-0.402144,0.0701202,-0.602117,1.08057,-0.0628166,2.04252,-1.17689,-1.24232,-1.33023,0.434473,-2.11223,-0.338119,2.32881,1.2696,1.0393,0.881451,0.390149,0.206164,-0.830289,-0.589573,1.89922,0.599152,-1.13781,-0.470521,-1.20155,0.172288,-0.936718,-0.0835463,-1.16872,0.226759,-0.336286,1.33143,-0.365137,-0.163215,-0.540163,0.447684,0.125552,-0.0739367,1.92515,0.0300366,0.294736,0.820282,-1.34922,0.403553,-1.59819,1.16484,0.54064,-0.785744,-0.74533,1.24768,0.191218,0.781575
-0.516231,-0.91161,-1.23156,-0.266653,-0.576355,0.266571,0.119873,0.45745,0.655666,-1.23657,1.47624,1.12134,0.728424,-1.45337,1.06204,1.33295,-0.379915,1.71309,0.707776,0.349345,-1.05122,0.15519,0.55283,-0.296594,0.648725,-1.22223,-0.46885,1.66261,-0.391815,1.30167,-0.192774,-0.584483,-0.950692,-1.11163,1.62303,-0.375552,-1.95839,0.348247,-2.165,-0.42153,-1.12348,1.27768,0.649738,-0.52117,1.0855,0.91766,1.8303,-1.51408,0.722649,0.75683,0.928789,-0.948299,-0.579204,0.232282,-1.27188,-0.256663,0.72549,-1.96552,-0.944646,0.944398,-0.138053,-0.327107,-0.783186,0.750697
0.696154,-1.51278,-0.895342,0.0599927,-1.12499,-0.480978,0.0676319,-0.0191399,-1.28296,0.396035,-0.423535,-2.40084,-0.894872,0.620629,0.432865,0.332053,2.25755,-0.756887,-1.05213,-0.402519,-1.9913,0.802164,0.549943,1.54939,0.208239,-0.945367,1.04488,0.745576,0.374669,-1.20829,-1.31895,0.631204,-0.632575,0.246462,-1.09698,-0.12503,-0.987868,1.19854,-1.34675,2.28845,1.52001,-0.084631,0.371337,-0.73774,-0.447286,-0.584385,1.18553,0.237959,-1.39065,-0.83283,0.171028,-0.561363,-0.983122,0.194078,-1.46969,-0.202561,1.27217,-1.18013,-2.67256,0.279769,-0.480267,0.199634,-1.05185,-0.98686
-0.383028,0.821413,-0.744673,-0.251759,0.678646,-0.264779,-1.16752,0.247899,-0.371141,-0.756171,0.712841,0.688148,0.403557,0.110117,-0.742,-0.564236,1.67073,0.958715,-0.8952,0.755764,0.835472,-0.960972,-0.23474,-0.216705,-0.631346,0.884846,1.14901,-0.715532,0.490017,-1.7355,-0.613175,-1.14388,1.09481,-1.67735,1.05462,1.45031,-0.168976,-0.351679,-0.116312,-0.179291,1.62027,-2.29607,0.243294,1.1297,0.966706,-0.710839,-1.25378,-1.28633,-1.3318,-0.781231,1.19322,0.531914,-2.05922,-1.41313,-0.589084,0.806029,0.724816,-0.617801,0.0171512,0.474457,1.63514,-0.451319,-1.08543,1.28485
0.578178,-1.25101,-0.717142,-1.06701,-1.90441,-0.400822,-0.949682,-1.08058,-1.11103,-0.586931,0.607297,0.99887,-1.52915,-1.50857,-0.397622,0.554618,-1.59426,0.558125,-0.923466,-1.14407,-0.0714792,-0.733356,-0.812744,1.08144,-0.825581,0.522302,-0.922943,0.103313,0.489209,0.572836,0.539023,-0.427666,-1.30783,-1.52411,1.84048,-1.5372,-0.481185,0.916469,-0.664582,-0.906646,-1.82087,-0.695236,0.959868,0.766288,-1.44249,-0.0815424,-1.24409,0.71394,-0.672787,0.127764,1.15114,-0.316562,2.37892,-0.444125,0.871468,-0.179987,0.0269204,-0.22899,0.341071,-1.14708,0.52861,-0.0453739,0.639228,1.07015
-0.550171,1.426,0.286941,-0.116959,-0.693043,0.200574,2.4153,-2.10439,-0.122614,0.49107,-0.0832059,-1.1049,0.292439,0.227309,1.41153,0.618289,-0.530696,1.32316,0.253949,-1.11046,2.00863,0.09351,-1.38189,0.314136,-0.568816,0.701675,1.88685,0.634472,-0.0414234,0.288189,0.764708,1.54352,-1.10084,0.378908,0.127748,-0.32976,-1.17779,-1.10129,1.21039,-0.00715391,-0.00198239,-0.708943,0.414458,-0.346145,0.564896,-0.8955,0.568227,0.636533,-0.581605,0.398686,-0.632229,-0.2938,1.33874,-1.06256,-0.252637,-0.125653,0.0906327,1.24377,-1.79303,-0.237342,1.71669,-0.866017,-1.42421,-0.0638969
0.56835,1.17679,-0.626443,-0.36935,-0.813518,-0.938957,1.67371,0.0437185,0.80439,-0.589394,0.142552,1.60818,1.05242,-0.241727,0.282931,-0.764002,-2.36863,-0.593231,1.47446,-1.05589,0.422847,-1.4848,-0.522751,-0.978972,1.00917,-0.00795268,-0.216537,-1.82547,-0.0372696,-1.03961,-0.330815,0.111908,-0.535972,0.175338,0.0707206,-0.484449,0.127755,-0.0115733,2.36028,2.11844,0.793165,0.706982,0.490957,0.0475727,1.37656,0.619021,0.757906,-0.656098,1.49981,0.355409,-1.37188,0.86671,-0.587315,-0.330817,-0.201165,1.05787,-0.477455,0.105094,-0.0501582,1.4419,-0.511571,-0.657595,-0.682535,-0.383106
-0.359078,-1.50827,-0.195434,0.4052,2.07492,-1.85555,0.377991,-0.897511,-0.115772,-1.61547,0.890631,0.044939,-0.733897,-1.90801,0.684311,-0.0301009,0.0761169,0.331245,1.58517,-0.364981,-0.713168,2.03377,0.436674,-0.304702,1.21913,1.7835,0.803627,1.183,-0.964168,0.514123,1.12154,0.420193,-1.29032,-0.142599,-1.0366,-1.3108,1.02511,0.620056,-1.50126,-0.652404,-1.29018,-0.783115,0.52612,1.11759,-0.8628,0.846911,-0.204038,-0.135089,2.86006,-0.0576015,2.12705,-1.00851,0.474505,-0.65199,0.168075,-0.862555,-1.08538,0.449183,-0.922751,-0.507901,-1.52556,0.781811,0.613079,0.158408
-1.02333,-0.109862,0.407563,0.327113,0.068027,-0.290782,0.522162,-2.28583,-0.903965,-0.0243174,0.754342,0.766481,0.361961,-0.341587,-0.192494,-1.07886,1.38836,0.778962,-0.474452,0.480123,-0.431102,-0.461863,0.109653,-1.00248,0.889058,0.220492,1.0172,0.245317,-0.712793,-1.35065,-1.13317,-0.233917,0.083846,1.28585,-0.425795,0.174926,-0.803952,0.383792,-0.472071,1.37205,-0.337866,0.185049,-0.941101,0.437955,-0.998619,-1.53943,1.06873,-1.31878,1.33806,-0.500571,-0.569872,0.296855,-1.51804,-0.141851,-0.370413,0.895995,1.07532,0.316988,-0.229403,-0.319832,0.432615,-0.277516,1.36611,-0.275588
0.906305,-0.867415,-1.46791,-0.804759,0.0726485,0.78843,0.0224425,0.808718,0.0689397,-1.29321,-0.274933,-0.671239,-0.190945,-0.10881,0.699277,-0.278926,1.03877,0.430836,0.48297,-0.980124,2.66825,1.42462,1.63953,-0.182996,1.4877,0.809399,-0.656382,0.0195167,-0.698533,-0.416117,-0.357999,-2.23845,-1.08862,0.222562,0.00799964,0.243504,-0.722884,0.0310323,0.481762,1.89966,1.76902,1.69802,-0.68846,-1.21801,-1.98293,0.879269,-0.907663,-0.628022,-0.124314,-0.322851,-0.310378,0.618348,0.596062,0.31608,1.47842,1.2931,0.302515,-1.29137,-0.00545036,2.69932,0.980709,0.551189,0.683001,-0.169998
-0.51048,0.286649,0.150458,0.675183,-0.448209,-0.245865,0.107616,0.306515,-0.523896,0.401773,-0.00802481,-0.980945,-0.00418335,-0.817484,-1.06901,-0.236996,1.23618,0.768693,0.606292,1.53696,-0.98111,1.58349,0.0185692,-0.680782,-0.691327,-0.517459,1.89622,-1.04656,0.49112,-0.62674,0.276305,-2.25158,0.823252,-0.739999,-1.42265,0.0271146,0.236709,-1.77796,1.0782,1.59352,0.338146,-0.104561,0.809897,-1.08373,-0.191315,-0.651873,-0.636452,2.13728,-0.929454,-0.884642,0.494721,-0.228306,0.584503,-0.198252,0.329473,-1.07151,-2.04281,1.61425,-0.298217,-0.331779,-1.09825,-0.0403467,1.85962,-1.1931
-0.446014,2.78864,-0.671079,1.17876,0.826306,1.03238,-0.937917,-1.02718,1.43046,-1.28677,-0.536464,0.895758,-0.9746,0.720988,-1.43108,1.44987,-0.0375406,0.000121612,0.14134,-0.125797,-1.52396,-1.53835,1.31828,1.12386,-0.548715,-0.321926,-0.749782,-0.0919496,2.27545,1.31562,-0.183235,0.469581,-1.21619,0.0431996,1.12694,0.487161,-0.0933391,0.646683,1.24308,0.431954,-1.30207,0.656719,0.481382,0.342619,0.99425,0.704286,-0.598266,-0.00387909,0.84603,0.574876,0.291612,-0.230423,1.59078,-1.43688,-0.332553,2.94395,-0.982805,-0.328174,1.35092,-0.104817,1.01729,0.241132,0.375994,-1.02633
0.997817,0.450954,0.167691,-0.734875,-0.860527,0.63021,0.20972,-0.368534,-0.654254,-0.758867,0.684764,-0.732393,0.898114,-0.362812,0.740087,-2.45951,0.802417,0.658764,-0.416602,-0.972472,0.458471,-1.52855,-1.33245,-0.647872,-1.0311,-0.921326,0.478989,0.305561,-1.10411,-0.0105484,-1.82575,-1.02186,0.523503,-0.404118,0.444808,-1.05039,-1.18236,1.18465,-0.114058,0.0661368,0.165834,1.73831,-1.48472,1.32413,-0.447286,1.2672,-0.227654,0.234182,-0.97612,-1.19057,0.0812416,0.563812,-0.271329,-0.40075,-0.902459,1.05557,-0.25237,1.91791,0.800337,1.0534,0.48498,-1.03157,-0.554424,1.08108
-0.297595,0.191558,1.85321,0.387262,-0.414005,2.0128,-1.25096,0.503763,-0.824427,-0.585683,1.1001,-0.646747,0.0728138,1.7949,-1.42078,0.471555,0.119653,0.0656081,-0.348996,0.0832609,-1.30589,0.120674,-0.906021,-0.0764959,0.603268,1.12242,0.0572298,-0.0497922,-1.27843,1.67392,-0.879577,1.26119,-0.299042,0.224987,-1.1786,-1.41132,0.81388,0.973265,0.869407,-0.611749,-0.597585,0.468347,-0.329324,-0.778442,1.85173,-1.95972,-0.0599736,0.0205178,0.366597,-0.216046,0.492851,0.243061,-0.482967,-0.173608,-0.379629,0.6023,-0.096475,-0.408485,0.753189,-0.197882,-2.09253,-0.498796,0.864762,1.2551
0.0473421,0.267259,-0.213608,1.18595,0.347273,-0.488215,-0.501082,2.07928,0.380008,0.198785,-0.771525,0.369025,1.22399,1.86765,0.223198,-1.25465,2.07925,-1.24517,0.74783,0.114602,0.929296,0.783872,0.699434,-0.643985,-0.462595,-0.1806,-0.0190941,1.28613,0.809284,0.249852,-0.394564,0.482625,-0.93896,-1.39369,1.00189,-0.409745,-0.572763,2.0152,-2.98078,1.32525,1.65219,-0.622816,-0.768172,-0.542516,-0.666499,-0.363606,0.390997,-0.447235,-0.187809,0.984579,-0.0735716,-0.709085,-0.600307,0.00184622,-0.801777,0.835594,-0.210512,-1.99475,-1.15554,-0.625538,0.502597,-1.08744,1.73352,0.148588
2.35018,-1.41646,0.455165,-0.183285,0.435874,-0.28465,-0.336342,0.672095,-0.589148,-1.27114,0.522688,0.923995,-0.421455,0.219701,-2.0999,-0.328344,-0.184244,-1.09666,1.10881,-0.107018,0.705609,-0.377428,-1.10972,0.203034,-0.0477928,-0.112693,0.288677,-0.521569,-0.796174,0.88461,0.512463,0.0158665,0.808002,-0.785148,0.258757,-0.109306,-1.40569,-0.877809,-0.398382,-0.698594,-0.855934,-0.329764,-1.1068,1.47118,-0.190722,0.0175033,-0.932877,-0.873937,-1.70789,-0.893589,-0.581082,-0.489522,0.917305,-0.447568,1.57855,0.0152662,-1.04473,1.57847,0.103926,1.68229,0.21475,-0.425856,-0.323498,-0.883425
0.812315,0.415217,-0.429451,-1.83624,-2.07834,1.20877,-0.510509,-0.805709,-0.452106,0.0117257,-1.67516,-0.906289,1.84863,-1.74168,1.1696,1.12867,0.870824,-1.92457,-1.2462,0.550644,-1.12571,-1.91321,0.92552,-0.573446,0.874141,-1.29088,-0.579111,0.805295,-0.307445,-0.252777,-0.189561,0.890422,1.29508,0.818438,0.82595,-0.157879,0.614909,-0.27504,1.16024,-1.04091,0.573075,-1.22825,0.812738,-0.429682,-0.631702,-0.339197,-0.997892,-1.60314,1.69071,-1.27116,-0.674336,2.63462,-0.525421,0.496127,1.56166,1.77677,-0.249795,-0.347794,1.93118,-1.83647,0.0684532,0.407906,0.334879,-0.437313
-1.19112,0.0808468,0.040151,-0.688742,-1.14438,-0.371903,-1.36153,-1.16249,-0.814337,-0.316949,0.157741,0.079501,-1.71223,-0.0761174,0.39559,1.95247,0.312768,0.81856,-0.431544,-0.155509,0.729424,0.681357,-1.24328,1.56108,-1.52221,1.27608,-0.134999,2.31492,0.394737,-0.781882,-0.00786622,1.93399,-0.0653806,-0.87997,-0.656482,2.03204,0.275359,0.0111365,0.487401,0.0395162,-0.231733,0.624183,-0.913489,-0.902785,0.715843,-0.565553,0.00132333,-0.74084,-0.56051,-0.701936,-1.50989,-1.10197,-0.470742,-1.44115,-0.414033,-0.0950262,-0.127628,0.89947,0.116532,1.18105,1.82529,-1.35636,-0.892531,-0.793497
-0.102219,-1.23456,-0.386173,-0.516193,-1.26734,1.24345,-0.137986,0.497028,1.23143,0.773315,0.801862,0.0634342,1.35231,0.451276,-0.170971,-0.413958,-1.10226,-0.478602,-0.280072,-0.514985,0.223103,-0.739338,-1.17906,-1.22074,-0.149438,1.05365,-1.23115,-1.08465,-0.55743,-0.801792,1.70053,-0.173902,0.448324,0.650839,0.686952,-0.602256,0.810654,-1.19071,-0.192746,0.234513,-0.308677,-0.713196,-1.76328,-0.361471,-0.88266,-3.13527,-1.07204,-1.30621,-1.40863,0.327207,0.764001,-1.31815,0.242728,-0.0210797,0.33991,1.00183,1.21977,-1.33533,0.437688,1.41287,-0.694081,0.207317,0.793088,0.163714
-2.05921,1.37948,0.152093,0.685738,0.559436,-0.0688801,-1.80809,1.14815,-0.163314,-0.704337,-0.330364,0.944345,-0.499101,0.636347,0.703649,1.22803,-1.21002,0.0153369,-0.916483,-2.18124,0.268227,0.851621,-0.14804,-0.0165193,0.334039,-0.673112,-0.49061,0.0634717,-1.20834,1.53681,0.719396,0.0362451,1.28504,0.70755,1.73005,0.338327,-0.159706,0.251323,0.255404,1.40846,0.738674,-0.166736,-0.0130826,-0.0223257,1.42055,-1.10336,-2.54289,0.726796,-0.690243,-1.57158,0.372961,-0.220612,1.82996,1.04382,0.91714,-1.04209,-1.34191,0.530229,-0.423844,-0.343243,-0.387908,0.56383,0.866888,-0.564081
-1.76322,0.81561,-1.27505,-0.76722,1.38791,-0.208013,-1.88193,-0.018696,-0.00777767,0.0159451,0.878745,-0.511389,-0.641289,-1.55628,1.36692,-0.600333,-0.987281,-0.230032,-0.266218,0.299942,-0.790736,-0.816305,-0.00597892,-1.57597,-0.438628,1.50109,-1.8416,-1.66741,-1.96548,0.289559,0.00709995,-1.30663,0.440242,-0.85427,0.723629,1.09287,-0.301041,-1.78511,1.83434,1.98835,0.96588,-0.117538,0.462763,0.423192,-0.590023,0.543238,-0.832226,-1.08743,0.785833,1.93271,0.617615,0.519693,-0.584691,-0.432898,0.115431,0.778042,-1.72206,0.907536,1.2628,-0.539897,0.472102,-1.43236,-0.172239,0.826922
-0.32258,0.745574,1.55958,1.13312,1.61454,0.437262,0.301639,1.18148,0.607163,1.33943,-0.46698,-1.99847,1.12303,0.650746,0.594728,0.639987,-0.440003,-0.6577,1.36752,0.378849,-0.172785,-0.525065,-0.915729,0.107755,0.691237,-0.138583,-0.122655,0.067482,0.22808,-0.993499,-0.22775,0.339671,0.284305,-0.842339,-0.0195232,0.822471,-0.505749,1.15196,-2.43508,-1.50299,-0.371293,1.09761,1.90606,-0.695434,0.181888,0.09033,0.286132,0.503735,-0.956466,0.513251,-0.542222,0.143973,1.66328,-0.756161,-1.70316,0.694818,1.7384,3.04291,0.488347,0.315004,1.69905,0.445368,0.368718,-0.169945
0.409456,1.51255,0.0917185,0.270142,-1.2062,0.448316,1.7374,-2.12324,-1.59826,-0.719842,-0.186177,-0.0457353,-0.066837,-0.0320556,-1.01961,-1.82823,0.896903,-0.0820191,0.360065,0.0547007,0.847723,-0.381277,0.503401,0.566608,1.10413,0.708795,1.07428,-0.57462,1.12702,-0.130605,-2.28813,0.0384867,-0.645943,-0.197166,0.111462,1.21883,-0.00353644,-0.596404,0.409977,-1.07741,-0.229148,0.993139,-0.871735,2.11935,-0.64982,-0.714777,0.651005,2.60997,0.557448,-0.608785,0.014329,0.989375,-0.18301,0.164588,-1.67645,0.230646,0.643905,-0.694613,-0.0821524,1.00874,-1.15033,0.917653,-0.90923,0.769354
-0.866116,-0.485692,-2.12304,-1.62144,-0.572406,0.718086,1.36093,-0.787088,0.841881,-0.896939,0.365144,-0.0157799,-0.141197,1.56312,0.175057,-1.77895,-0.851044,-0.779139,-0.939342,-1.1824,1.84631,0.0804104,1.04443,-1.40175,-1.9316,1.06958,-1.53923,-0.859921,-0.42683,0.49106,1.13941,-1.05551,0.173204,-0.270547,0.0426496,-2.07724,0.13377,0.347429,0.175214,-1.18197,-0.142962,0.28519,-2.49894,-0.524489,0.371193,-0.532789,0.288009,0.366415,1.77383,-0.779353,0.029146,-1.06252,0.0195263,-0.774324,-1.57906,0.604076,-0.64578,3.56109,0.792684,0.21177,-0.00231422,-0.514094,-1.32364,-0.045738
-1.13502,-0.345033,-2.58704,0.874708,1.24731,0.948221,-0.503094,-0.834671,-1.02828,0.00678424,0.0567452,-0.271657,0.299233,-1.25977,-0.00488696,-1.93471,0.768191,0.0466879,0.151831,-0.387253,-1.41951,0.135553,0.3849,1.54751,0.563837,-0.732465,1.70371,-0.548416,2.16723,0.310982,0.240612,0.367426,0.103314,1.04001,0.899112,0.753951,-1.26472,0.201966,1.33698,-0.742927,-1.92054,1.32754,0.044574,-0.295151,0.360423,0.0787907,0.869236,0.188311,-0.368996,-0.174608,-0.457992,-1.41109,-1.16343,0.049213,0.72972,-1.15189,0.0857523,-0.398069,1.0251,0.153515,1.44806,1.13456,2.02525,0.0483034
-0.831921,0.0787694,-0.309113,-0.194837,0.834767,-1.11506,-0.0530121,0.638659,0.361264,0.896613,-0.189627,-0.196303,-1.67261,-0.511922,-0.140068,-1.37063,0.243803,0.729279,-1.79303,0.91915,0.5644,-0.552294,-1.34779,-0.113195,0.0847958,-0.733114,-0.0575659,-0.0628424,-0.961466,1.23331,-0.811019,-0.485877,-0.0194631,0.553153,0.664044,0.931218,0.74049,-0.182922,0.0592283,0.826367,0.407453,0.77989,-0.304214,1.66608,0.95725,1.59393,-0.29153,-0.504268,-0.0184359,0.0626696,-0.431285,0.116119,-2.03262,-0.0239089,0.351409,2.22856,-1.16254,2.41564,1.17735,0.903951,-0.322142,0.0916526,0.498812,-1.14223
-0.031003,-0.617099,-0.788121,-1.10515,-0.472086,1.41886,0.41595,-0.169143,-0.0766322,0.210124,-0.138436,-0.74339,-0.681891,1.56062,-1.2922,-1.35658,0.340411,0.154812,1.8257,1.66036,0.864928,-0.519762,-1.4906,0.62652,-2.26643,-1.93245,-0.894152,0.634474,0.764869,-2.11032,0.595455,-0.793259,0.582171,-0.978188,-0.873,1.20284,0.728483,0.332326,0.151003,0.848993,-1.31172,-0.0608575,-0.972543,-0.844705,0.00394233,-1.96207,0.319021,-1.41511,0.273766,-0.195021,0.202453,1.34369,-0.0577079,0.987037,1.77176,2.38665,-0.373554,-0.92048,-1.0663,0.79724,-0.613799,-0.323733,1.33226,0.963483
-0.641678,-2.68268,0.431093,1.45131,0.854944,0.912299,-0.00475926,-1.16628,1.554,0.71725,0.139972,-0.311171,-2.27586,0.705767,1.38565,-0.336282,0.584585,-1.41774,0.0506761,-0.299397,0.141406,1.14889,-1.12212,-1.86777,-0.0696457,-2.32009,-0.835305,-0.152528,1.09284,-0.60002,-0.185595,-0.564663,0.646046,1.28634,2.30949,-0.390601,-0.479288,0.11204,-0.34902,0.907621,0.330181,0.551039,0.826026,0.174882,-0.784807,0.799236,1.80173,-0.911044,-0.892305,-1.94709,0.965956,0.345105,0.315448,-0.982807,0.684951,0.921406,1.39526,1.4216,-1.28294,-0.663563,-0.506473,-0.301753,-0.657204,1.60028
-0.803254,0.221448,-0.730555,-0.686904,0.243774,0.0812465,-0.942424,1.61124,2.30605,0.595566,1.00262,-0.317478,-1.60258,0.538177,1.76498,0.11163,-2.33306,0.564137,0.104019,0.947646,-0.120904,-1.02868,-0.573987,-0.637233,-1.10153,-0.650525,0.493495,0.815923,-0.0697352,1.49543,-0.563945,-0.298468,0.773388,0.495729,1.1076,1.34575,-0.0765118,1.96227,-0.213005,0.419753,-0.547444,-1.05946,-2.11617,0.648958,0.930591,0.285341,0.215796,-0.880632,1.64953,0.218525,-1.13202,-0.320081,-0.195017,1.46658,0.188645,0.420972,2.80626,-1.12494,0.0452526,-0.902562,-0.306585,0.267229,0.776276,-0.440154
0.529727,-0.768083,0.964156,0.940624,1.78981,2.26601,-0.554665,0.61064,0.420596,-0.277253,-0.264934,0.640002,-0.413631,-0.361059,-0.582458,-0.436138,0.398458,0.261372,0.439341,-0.628078,-1.02911,-1.31396,-0.530919,1.03938,-0.671652,-1.69343,1.47306,0.14006,-0.655618,0.620992,0.590814,-0.0658275,1.70701,0.210267,-1.42464,1.38014,-0.0374166,-0.431069,1.00189,-0.684018,-0.893392,0.786393,0.591699,0.46301,-0.936074,-0.930942,-0.874502,-1.82917,0.135887,0.100978,1.2408,-0.650108,0.397188,1.56554,-1.42664,0.457932,0.250996,-0.298334,0.713636,-0.0128643,-0.291329,0.124857,-1.51532,0.612576
-0.260293,-0.357889,-0.248007,0.425577,-2.04091,-0.518079,0.000606466,-1.85397,2.4263,1.54238,-0.391442,0.600573,1.16331,1.85237,-1.89116,0.468259,-0.41479,-1.26342,1.18972,0.268329,-1.94594,-0.695711,-0.701521,0.419469,0.127679,-2.99283,-0.922442,1.76527,-1.56407,-1.50884,-0.825132,-0.411397,0.157366,0.472856,0.656726,0.38329,-0.479896,0.3771,-0.000646135,0.334777,2.63194,0.663921,0.597834,1.18386,-0.0922491,0.600608,0.595131,-0.413525,-1.15344,-0.306867,-0.0167892,-1.60347,-0.23985,0.0280018,-0.994064,0.296794,-0.933637,0.0668935,0.209121,0.134865,0.205358,0.863778,0.58958,0.231979
0.446763,0.369167,-0.580699,0.136668,-0.591987,-0.274838,2.05704,-2.11438,-0.786648,0.295319,-0.609004,1.30303,-0.112266,0.190783,-1.34736,0.684482,-0.213993,0.815185,-0.194095,-1.55561,-1.09392,0.416779,0.313238,0.461291,0.722121,0.0716533,-1.89552,-1.01946,0.191171,0.731224,2.00264,0.464377,0.0252008,-0.259627,0.353697,-1.35239,-0.457919,-0.261033,-0.764443,0.00337825,0.520842,0.756076,-0.935243,-1.00421,-0.742689,0.0507042,0.155371,0.600617,-0.417445,0.431726,-1.74483,-1.52461,-0.466448,0.865078,1.02283,-1.2772,-0.624627,1.65455,0.0787148,0.672466,-0.341173,0.0850583,0.597125,-1.34413
-0.927751,-0.995103,-0.773449,-0.0804515,-1.32917,0.57793,0.363294,-0.193525,-0.869118,-1.92009,-0.722767,-0.219531,0.72501,-0.504275,0.534546,-0.544119,0.176852,-1.26187,-1.53231,-0.12013,-0.394188,-1.88201,0.611854,0.153326,-1.1837,0.394127,0.995834,-0.690715,-0.848224,0.127009,-0.40512,-2.60235,-0.434187,0.293407,1.0754,1.78176,0.392708,-1.04196,-0.970588,0.597328,-1.58418,0.363752,1.40504,-1.68922,-1.07039,1.30979,-0.44804,0.42804,0.423245,0.495095,-0.221903,-1.93657,-0.682177,0.768063,0.130752,1.05763,1.85981,1.11777,0.203778,0.250509,-1.19743,0.743427,0.907744,1.13703
1.94504,-0.307946,0.414968,-0.581532,1.14249,0.157,-0.701807,-1.46765,-1.67507,-0.397181,0.831175,0.661453,0.533374,0.354061,-1.53984,-0.0465075,1.55448,1.8424,1.40085,-0.273442,0.919124,-0.434322,-0.197132,-1.26512,-0.778127,0.491756,1.29796,-0.513248,0.695169,2.19064,-0.910814,1.99016,-0.688831,-0.0257636,-0.937146,0.37105,0.233937,1.1037,0.362197,-0.143737,1.00735,-0.522898,-1.29532,-0.974395,0.486372,-0.146004,-0.312989,0.299033,1.29171,-0.0647452,0.320007,0.6034,0.817496,-0.365651,0.138249,0.480384,0.479434,-1.3131,-0.11062,-0.507939,2.137,0.176423,-0.987916,-1.40376
1.07337,0.805802,-1.74278,0.702896,1.63997,-0.816162,-0.555195,1.10227,-1.4206,0.105266,1.16658,-0.00484637,-0.18508,-1.3246,0.342332,-0.854773,1.11014,0.93172,-0.0839337,1.60792,1.0482,1.0679,0.212005,-0.736004,1.61471,1.14035,0.161901,0.144608,-0.378747,-1.02244,-0.393133,0.353998,-0.214767,-0.565923,0.966581,0.000786651,0.9307,0.314546,1.52697,-1.8009,1.97832,-0.772122,-0.195166,-2.51325,-0.374502,0.694215,1.18542,-0.845015,1.61211,-0.456239,-0.818663,-0.156179,0.734608,-0.0839152,1.631,1.39041,-1.21332,0.465178,0.119077,-1.1855,-0.372795,-1.69826,-2.64612,0.0153438
0.813837,0.612799,0.696024,-2.14077,-0.178709,-0.191973,-0.226865,-0.0751489,1.295,-0.667306,-2.07367,-0.0646175,0.032473,1.50152,-0.692069,0.360546,0.524009,-0.360502,0.300662,-0.651459,-0.334551,-0.536853,-1.10971,-0.22267,0.171933,-0.339834,0.55108,0.306298,0.0539066,2.17315,1.03284,0.127927,-2.0519,0.287732,-0.40086,-0.548769,-0.298744,-1.0551,-2.46832,-1.4559,0.0700628,2.02664,-0.818862,1.54135,0.51147,0.763615,-0.253218,-0.0610144,-0.561408,-2.6484,1.20878,0.621149,-0.0382182,-1.17317,1.04118,-0.946388,0.348824,-0.692545,0.541542,-0.0660949,-0.164348,-0.0638419,0.289749,0.792378
1.21621,1.53917,-0.0379715,0.081148,-0.943072,-1.5491,0.810186,1.41432,-0.30211,0.669574,0.264658,-1.29416,0.419375,-0.101402,-1.79917,0.824244,1.40208,1.1294,-0.741721,-2.28886,-0.238918,0.765611,0.726003,-0.754414,-1.07705,0.102617,-2.06129,-2.09478,-0.660563,-0.565925,-0.155552,-1.01233,0.63678,1.12893,1.26574,-0.535271,0.702152,0.349259,-0.85258,-0.150485,-0.983604,0.742637,-0.769024,0.523623,-0.0990366,-1.76199,-0.239193,0.0600869,-0.829992,-1.33227,-0.508119,-0.889763,-2.02865,-0.0577976,0.308215,-1.40264,-0.443038,0.611039,1.1985,0.272467,-1.9321,0.702271,-0.334367,0.534929
0.749662,-0.392193,-0.711739,-1.96838,-0.778232,-2.19072,0.893971,0.123728,-1.20964,1.43424,-0.539171,1.51296,1.88569,0.495072,-0.330118,1.45946,-0.305374,1.42548,-0.061361,-1.06693,-0.194299,0.371037,-0.0947849,-0.0707229,-2.05635,0.206294,-0.740646,1.1412,0.362778,-0.332792,-0.0136751,0.463774,-0.198945,0.713102,0.941099,0.0170998,0.637285,0.519528,-0.254939,1.02874,1.84979,-0.357206,-0.310523,0.931946,0.334763,-1.72477,-0.995148,-0.227585,-0.507883,-0.137741,0.659112,-0.296364,0.35646,1.31062,0.891083,1.11893,0.227337,-0.0427568,-0.713649,2.06449,-0.260913,-1.82047,1.60715,0.848438
-0.27653,0.279168,-1.10775,-2.48536,-1.17632,-0.291139,0.588465,-0.487979,0.704233,-1.27716,-0.420235,1.15108,-0.478951,0.561741,-0.704427,0.997245,0.359038,-1.06175,0.513586,-1.12117,0.716381,0.89105,-0.0650755,-0.604767,-0.462682,0.059265,-0.0416616,-0.139831,-0.351663,1.51894,-0.207383,0.530164,1.35849,1.00911,0.496733,-0.356756,-0.489652,-0.602918,0.279118,0.443658,-1.29912,1.08835,-0.76024,-0.573358,1.51641,0.579657,-0.254192,-1.78339,0.290321,0.558764,0.832416,0.0184133,-0.27167,-1.26082,-0.704276,-0.51028,0.0227244,-0.70364,0.152695,0.913938,-1.39187,1.30967,0.264043,0.485832
-0.307686,-0.264211,-0.220016,1.23384,-1.63056,0.315758,1.12752,0.711514,0.991777,-1.3102,-0.916513,-1.7639,1.63356,0.543584,-0.0167482,-1.62954,-0.478423,2.4826,-0.957476,-0.938762,-1.29337,1.85796,1.05671,-0.780853,-0.655924,-0.27377,-0.109515,-0.0989272,2.00915,0.472556,1.85874,0.145384,-0.778174,-0.813046,0.410749,-1.10903,-0.0115835,-1.07504,-0.316001,0.975349,-0.140859,0.873504,1.84729,-0.255171,0.0784904,-1.82331,-0.0506343,-0.417082,0.104936,0.536873,-0.11319,1.24921,0.782329,-0.612501,-0.528365,-0.887527,0.427085,0.431735,1.00795,-1.64184,1.16653,-0.95815,-0.363132,0.62587
0.790077,-0.455606,-0.408613,-1.15278,1.00469,-1.27175,0.449998,0.706934,0.57228,0.55745,1.4994,0.93075,0.00735864,-0.180709,-2.11544,0.126658,0.814547,0.520627,-0.255793,0.0354766,-1.83225,0.731236,-0.363573,0.878421,0.0967803,-0.619384,1.2553,-0.432028,1.09383,-2.11739,-0.541289,-0.988828,-0.89276,0.320886,-1.06422,0.145999,-0.22166,0.183983,-0.768165,-1.40597,0.0424833,-1.87929,0.697155,-0.086423,-0.589782,-0.898094,1.29039,1.04379,-0.911615,-1.4012,1.27257,-1.25022,1.66213,0.185496,-0.7808,-0.239031,1.06982,-1.00052,-0.332897,0.798113,0.313879,-0.121222,-0.380052,-0.413041
1.29331,0.851627,0.633418,0.685167,-1.20476,0.767714,0.94069,-1.0463,-0.462714,2.21696,-0.928796,0.448973,-0.304908,-1.96339,-1.66231,-0.290136,0.473723,-1.90706,1.08238,-0.118786,-0.310578,0.216056,0.89419,-0.562694,0.390159,-2.40949,-0.597416,-0.254889,-0.012825,-1.63592,-0.768697,-0.838269,0.851105,-1.25528,-1.01613,-0.522376,-0.0788498,-0.161134,1.06169,1.60472,0.626096,-0.609789,0.775908,0.554228,0.320796,1.54863,2.59762,1.09334,0.554774,0.706981,0.0823578,0.116953,-1.10582,-0.381829,1.36244,1.00692,-0.190292,0.128883,0.492332,1.20098,-0.675347,-0.242869,-0.387138,-1.26451
0.902826,1.25589,0.842842,0.201917,2.15288,-0.0149357,0.0748347,1.26396,-0.380532,1.07054,1.39737,-0.620295,2.14977,-2.13186,0.686889,2.03464,-0.897831,0.631504,-1.06601,-1.92493,0.527938,-0.501394,0.671255,0.74048,0.249411,0.382583,-1.60951,-1.15409,0.722519,1.12447,-1.83241,-0.457045,1.15225,-1.77169,1.63808,-0.557469,2.29491,1.84108,0.443361,-0.327852,0.0976212,-0.198403,-0.634781,1.28521,0.441735,0.438527,-0.653593,1.06372,-1.20415,-1.0758,-0.343383,1.80855,0.729781,-0.136588,-0.15826,0.0972695,0.0113382,1.0079,0.157098,0.345193,0.887615,0.556587,0.782928,0.368844
-0.251521,-0.775079,-3.4172,0.94137,1.29513,0.101749,0.316825,1.31217,-0.311161,-0.367676,-0.356834,-1.24497,0.530518,1.32407,-0.292667,-1.07958,-1.32149,1.98933,2.95742,-0.106645,0.0220045,1.04221,-0.845254,0.293193,-0.85687,-1.30892,1.45274,-1.63065,-0.231042,0.0884184,1.48578,-0.619224,-1.90773,-1.02248,-0.073398,-0.344514,-1.0619,1.79254,1.68765,-0.391828,0.924236,0.658687,-1.36624,0.402177,-0.711061,-0.537156,1.15369,-0.209085,1.40725,-1.58858,-1.21303,0.210792,1.54698,0.955646,-1.8174,1.2743,-0.0550976,0.72904,0.946081,0.116017,-2.43908,-1.89864,0.039049,-1.07303
-0.752256,0.538596,0.895471,-0.106693,-0.0166189,-1.42409,0.981527,-1.20011,0.359618,-0.279578,-0.107248,-1.85806,-1.12957,-0.524708,-1.33947,-0.970627,-1.17028,0.434802,-2.47774,0.809808,1.49696,0.493914,1.11161,-1.26655,1.01189,-0.911702,0.670658,0.30154,-0.313268,1.67498,-0.790916,-0.712503,0.896494,-0.464986,-0.660518,-0.177018,0.834147,-0.108434,0.680183,-0.836336,0.874513,0.370451,0.21614,1.48864,0.371331,-1.02568,-0.476575,0.522472,-0.371084,0.602992,0.242916,1.9672,1.17769,-0.750008,0.816259,-1.79197,-0.426918,0.385632,-0.164297,0.883986,-3.97553,1.27535,-0.00653584,-0.371984
-0.715089,-0.83879,0.735218,1.43329,0.0848387,-0.487303,-0.884647,0.698416,0.562654,0.0274804,-0.434833,0.551533,-0.885292,-0.853439,-0.183464,-0.980523,0.655061,0.764313,1.13589,-0.557627,-0.645599,0.577544,0.03608,1.46445,0.067375,-1.44366,-1.40079,1.05724,0.581143,-0.932918,0.410532,0.26261,0.548804,-0.0201077,0.521552,1.23974,-0.641864,0.606807,0.446616,0.359502,1.06025,1.47741,-1.0185,-1.45965,-0.987418,0.290278,-0.928544,-0.804188,0.492322,1.72795,0.935824,1.40975,-0.246956,0.376022,0.296704,-1.44162,1.16131,-0.200839,-0.0729848,1.5058,-0.428126,-0.0486021,-1.29114,0.257019
-0.0878986,-1.30645,1.57244,-0.66456,0.99593,0.18185,0.372729,-0.665174,0.721546,0.539604,-0.42985,-1.0932,0.311469,-1.38933,-0.931391,1.88818,0.00227927,-0.37495,-0.0949031,-2.20505,-0.774751,1.01105,1.52765,-0.533415,0.426535,-0.719656,0.386476,-0.11338,-0.67398,0.0710022,0.938112,-1.27522,-0.844325,0.987147,0.270535,0.760415,1.32218,1.03048,0.609876,-1.22244,-0.583694,-0.772479,1.32833,0.0309417,1.04199,-1.24693,-2.01618,-0.0122683,-0.439902,0.292129,-1.41103,-0.606124,0.0620072,-0.251195,0.523886,0.614095,0.763339,-0.145613,-1.73348,0.271177,-0.258119,-0.127952,1.33187,0.343215
1.0795,0.938824,0.142435,0.0619542,0.675027,1.04776,0.157861,1.01692,1.44996,-0.287499,0.933815,-0.123923,0.21456,1.06918,1.14361,0.633319,0.335389,-0.236767,-0.277632,-0.528955,0.151305,0.520459,0.633171,1.16553,-1.35442,-1.34073,-0.0322855,0.485978,1.38596,0.218813,1.20763,0.0190822,1.3915,0.671573,0.734732,-0.538128,1.33562,-0.640297,0.0395354,0.102786,-0.766036,-0.531259,-0.144674,-1.00387,-0.149918,-0.760311,-0.754663,-1.31219,-0.643802,-1.74371,-0.234675,0.414119,-0.845562,-0.0114351,0.0144986,-0.70758,0.960559,-1.14228,-0.456948,-1.07032,-1.6079,1.02247,-0.330375,0.693543
-0.960295,0.586775,-0.149144,1.32206,-0.78288,-0.203514,-1.28011,0.909066,-0.761263,0.542233,-0.0189036,0.941393,0.325657,-0.49384,0.501585,-0.344064,-0.834278,-0.929685,1.42186,-0.157445,-0.91762,-0.319682,-0.546542,-1.65216,0.95665,-0.932647,-1.42106,-0.233639,0.622541,-1.58911,0.286809,-0.125538,1.03143,0.469404,1.19018,-0.588522,-0.0677011,0.596145,1.27387,-0.185253,-0.0831003,0.233821,0.897628,0.221135,-1.37846,-0.294425,0.322212,-1.08369,1.28191,-0.5102,0.824064,1.13707,0.335755,-0.250619,0.514776,1.10677,-0.00305282,1.08242,0.886774,0.598331,0.629608,1.38263,0.373372,-0.79675
-2.96889,1.33244,0.780625,0.620003,0.228727,0.203218,0.433791,-0.277906,-2.70685,0.830928,0.895294,1.70587,-0.139411,-1.12728,-0.265118,0.111567,-1.02102,0.931718,0.558132,-0.136038,-0.848887,0.595583,0.00330834,-0.871883,-0.808684,0.740847,-1.02301,-0.777734,-0.0549955,-1.51574,-0.487697,0.618762,-1.24169,-1.04593,0.502127,-0.0353728,-0.0398856,0.934764,1.89325,-0.531174,-0.311676,-0.314396,0.253529,-0.134289,0.150703,-1.00905,0.779012,-0.622184,-1.96266,0.171652,2.04554,-0.0658818,-0.88515,1.46255,-1.32789,-0.378895,-0.962416,0.684844,0.0144993,1.04715,0.0192683,-0.188441,-1.04999,-1.80656
-0.173609,-0.263813,-0.976204,0.125605,0.410568,0.67944,-0.139489,1.32262,-0.244352,0.77682,0.193816,0.239825,0.299099,1.81844,1.45461,0.188205,0.306085,0.292568,-1.57894,-0.36688,0.251285,0.495187,-2.2069,-0.790548,0.630236,1.04735,-0.981686,-1.18895,0.098817,0.986072,1.61243,0.508859,-0.0469238,0.138281,-0.305178,0.0667565,0.557631,0.348681,-0.143828,-0.159025,0.552561,-0.809448,0.381796,-0.257726,-0.0792903,-0.0426342,-1.1421,-0.223646,-0.344544,2.11836,0.230017,0.138967,-0.0322336,-2.33509,-0.482616,0.201686,1.50229,0.905649,0.917834,0.166484,1.58511,-0.0304289,-0.989677,0.526827
-0.0489328,0.337221,0.41715,-0.0445768,-0.597279,-1.3585,-3.06583,0.947313,-0.442924,0.622436,0.209557,-0.85922,-0.201282,0.696141,0.35458,-0.488782,-2.10359,-1.19956,-0.388233,0.321205,-1.61202,1.21731,-0.319443,0.494179,0.036363,-0.947571,0.248839,1.07031,-1.92492,-0.317086,-0.685597,0.11459,-0.831488,-0.0585815,0.768761,0.627608,-1.41969,-0.0106752,1.13272,1.0578,0.543909,0.682873,0.888214,-0.43263,-1.04664,-1.47547,0.0359971,0.807794,0.341753,0.463621,-0.177202,-0.83646,1.28566,-1.85763,-0.441498,-1.51843,-0.772481,0.812805,0.948205,1.95293,-0.131256,0.262839,0.559825,0.293333
0.970751,-1.92185,1.48691,0.913418,-0.148462,0.444284,0.0378336,-0.91368,-0.31348,-0.10932,-0.976214,0.513941,-0.0382,0.105194,-0.165154,0.0143178,2.19464,0.0540665,0.507735,0.252647,0.0979604,1.25445,-0.902271,0.568174,0.0449744,-0.272638,-0.474316,0.146642,-1.05658,0.100296,0.476736,0.672132,0.93692,1.23667,-2.31047,-0.24928,-0.767666,0.286454,0.017823,0.475855,0.46996,0.384544,0.349359,-0.837708,-1.09732,-1.34797,-0.617663,1.93623,1.13636,-0.176387,-0.271964,0.830322,0.080477,1.8861,-0.528991,2.22406,0.881034,-0.9593,1.12079,-0.177377,0.40986,-1.09441,-0.603363,-0.188609
-0.215606,-0.149215,-0.770121,0.719712,-1.21703,1.02758,0.46675,-1.51582,1.20444,-0.523209,0.909524,1.63587,-1.20037,-2.02766,-1.86663,0.0896642,-0.314658,-0.315526,2.12966,-2.33654,-0.504078,-0.351713,0.711165,-0.36071,0.208637,-2.24801,-0.345721,0.992669,0.465634,0.049547,-0.817462,-2.30491,0.130124,1.23353,0.16237,1.17023,-0.0291296,-0.28888,-1.2452,0.706866,0.476313,0.316366,0.0213573,-0.881289,-0.33902,0.994094,0.100584,0.0865264,0.041407,0.551015,-1.47166,0.299781,-0.42479,1.46557,-1.32723,1.09807,0.680571,-1.46441,0.756065,-1.56614,-0.158166,-0.174152,1.36757,0.351399
-1.41231,-0.319069,0.768387,0.34057,-0.571925,1.47577,0.136754,-1.32927,-1.68491,-0.0510154,0.135851,0.833105,-0.424861,-0.231665,0.923497,-1.24475,-1.0636,-0.952312,-0.733537,0.284997,-0.669813,1.48383,1.031,1.35129,-0.50951,-1.13218,1.03382,0.889347,-0.219295,-0.620617,-0.180579,1.40692,0.0653817,-0.972023,-0.156614,-0.0282826,0.790106,-0.390793,-1.69267,-2.05234,-0.442433,-1.47681,0.129483,0.0954705,1.59031,-0.16899,-0.907957,0.863111,-0.388165,0.989949,-1.33189,-0.540385,-1.18687,-1.11981,0.996672,0.189203,0.561916,-0.305323,0.595654,-0.824485,-1.91134,-0.96977,0.0436629,1.40324
-1.03212,2.517,-0.59564,-0.478785,1.92629,-1.78882,0.877982,1.08709,1.45512,0.100677,-0.241802,-1.07899,0.338787,2.47715,-0.809204,0.0348889,-1.42273,0.247022,-1.22028,0.266199,1.72201,-0.726699,-1.54341,0.954668,1.08243,-0.484837,1.69301,-0.289007,0.588493,-0.511532,0.494823,1.57686,0.245277,0.00367725,-0.588871,-0.716073,-1.11256,0.821761,2.1034,0.223576,-0.250971,0.562818,-0.467829,0.42986,-0.482447,-0.773461,-0.456369,0.691752,-0.349643,-0.160876,0.207369,-0.966597,-0.376798,0.0525216,0.789906,-0.942823,-1.41801,-1.09156,0.637552,1.07387,1.68197,-0.0663341,-0.0238556,-0.537821
-0.404581,0.809759,1.16092,0.649194,-0.719291,-0.779084,0.309591,0.454539,-0.128474,-0.0106006,0.268068,-0.826106,0.80114,-0.716662,-2.45029,0.257401,1.93225,-1.28481,0.977801,0.495262,-1.33687,-0.637642,-0.293313,-0.810755,0.769653,0.752419,-1.62255,0.581062,-0.624088,1.70664,-0.325136,-0.264346,0.510136,-0.468304,-0.276818,0.593841,0.503565,-1.04076,-0.0615964,-0.839809,0.682166,1.21557,0.62526,0.919634,-0.594584,1.56182,0.39406,1.34103,0.0819779,0.228137,-1.07703,0.359569,1.33217,0.0865724,0.950272,0.803813,1.31968,1.16412,1.44018,0.0362156,-0.190768,-0.190715,-0.221205,2.62853
-0.416099,0.860174,0.914002,0.749345,-0.944997,0.26856,-1.33243,-0.762709,-1.06859,-0.363035,-0.324221,0.208516,0.310177,-0.279439,0.359635,2.09446,-1.21012,-0.527785,0.0227486,0.290714,-0.0964852,0.48422,0.201483,2.18641,0.653044,1.94089,-0.230348,-2.40244,-1.12157,-1.33458,-2.2709,-0.50911,-0.908546,-0.975061,0.0939457,0.316093,0.542661,1.75745,-0.260565,1.4061,1.44291,-0.679954,0.714432,0.872713,0.32385,0.621813,1.87392,-0.335479,1.16946,0.48608,0.478242,-0.543534,2.51186,1.17719,-0.284662,-1.16405,0.298921,-0.202645,0.574106,-0.572425,-0.0540732,-1.80933,-0.0381227,0.88123
1.2501,0.779152,-0.435107,-1.24692,0.866801,-1.20389,-1.83038,-0.199838,-0.771566,1.45907,2.18967,0.487445,0.0558853,-0.40265,-0.530738,0.428901,-0.48963,-0.720037,1.46925,1.03479,-0.967731,-0.170011,0.671854,-1.41727,-0.539356,-0.93675,1.56675,-0.459031,-0.0035923,0.879225,-0.355541,-1.26573,0.516556,-0.149969,0.668112,1.31489,1.47589,0.798707,-2.75419,0.813334,0.113541,1.34085,-0.126742,1.8876,0.91073,0.268472,1.69566,0.720147,1.47501,0.347778,-1.09518,-0.180986,-2.03889,0.327164,1.56502,0.0757262,-1.83201,-0.711487,-1.56431,-1.35345,-1.18252,-1.28913,-0.523116,-0.182328
-1.39075,-0.549174,-0.518496,-0.458007,0.512182,1.56018,-0.0086656,1.70433,-1.32043,1.23722,0.527551,-0.704858,-0.446148,0.338592,1.56597,-1.19647,2.67242,1.40216,-1.26503,-0.199714,0.0557401,0.392389,-0.607858,-0.332108,0.59998,0.379391,1.12293,-1.16127,-1.4463,-1.77322,-0.919346,-0.0516309,-0.408568,-0.0480076,1.0599,-0.574359,0.0329399,-0.365662,0.152565,-0.426834,-0.177786,0.672747,-1.30136,-0.687537,0.889655,-0.183602,0.645361,-0.176088,-0.102608,0.260088,0.24996,-0.0811975,0.832786,0.661017,0.915094,-0.759598,-1.86026,0.425225,1.16621,0.990796,-0.130763,-1.53519,1.1007,0.227978
-1.808,1.49498,0.932178,-0.709773,1.75868,-1.25752,-0.170156,1.10086,1.53717,-0.100441,0.407121,-0.193518,0.344302,1.46013,0.444058,-1.51348,-0.550502,-0.302993,-0.708024,-0.736031,-1.52044,0.0398493,0.357218,-0.493173,-1.89115,0.933784,0.307083,0.865977,0.489629,-0.265169,-2.02243,1.00732,-1.94503,1.01519,1.43791,1.51183,-1.55396,-0.0755049,-1.06171,-0.465875,-1.66961,0.038513,1.48653,-1.00032,-0.254304,0.872738,1.76291,1.45531,-0.117784,-0.506976,0.447099,-0.154237,-1.23917,-0.100682,-0.123006,1.69747,-0.0501641,0.56,-0.824537,-0.235861,-0.697962,-1.57024,0.962788,0.634632
0.867616,-1.04255,1.9025,-0.0841229,1.14917,-1.19795,-0.525102,-0.613873,0.228321,-0.286743,-0.655126,-0.524741,-0.0895886,0.0128755,-0.949456,-0.143577,1.19182,-1.35797,-1.21087,-0.621845,-0.850445,-0.002076,0.705125,0.964731,2.20684,0.748646,-1.19639,0.765663,0.755621,-0.811129,3.12404,-0.132098,0.071494,2.63709,0.0998402,0.107463,-1.13793,0.12293,0.468633,-0.352106,-1.95603,0.180868,-1.04735,-0.832434,-0.697745,0.0956142,2.18856,-0.299156,0.0779604,0.417238,0.200777,0.633822,-0.639535,-1.34555,1.20455,2.70136,1.44421,0.35357,0.0931283,1.09828,-0.60769,1.28279,0.622702,2.55949
0.0567003,0.606963,-1.17702,0.126816,0.102965,0.485179,0.871335,0.925429,-0.455488,0.386801,-0.226457,-0.160871,-0.298671,0.276333,-0.906685,1.66051,1.10956,2.07722,-0.314941,-0.215336,-0.83902,1.08748,-0.976337,-1.48453,1.27172,-0.109035,-1.72934,-1.08378,-0.916416,-2.04482,1.66162,1.55233,0.305172,-0.195922,0.0549072,-0.151907,-1.18511,-0.031015,2.2449,-0.910769,0.407735,0.351318,-0.937037,0.6979,-1.78515,1.04334,-0.118833,-0.456753,1.56132,-0.53592,0.829877,0.17968,1.02121,0.686869,0.990366,0.138743,-1.13742,-0.283766,-0.983035,0.333526,1.2972,-1.23527,-0.120769,-1.47369
1.54179,0.311615,-0.991484,0.189348,1.16397,0.308663,-2.54815,-0.527669,-0.25979,0.575276,-1.67379,-0.0770135,-0.00752602,0.269468,0.61296,1.07413,-0.623316,0.454549,-0.242899,0.210972,-0.258016,0.194835,-1.29865,1.05199,-0.426007,0.188749,0.485806,-1.81232,-1.82552,0.760848,0.569396,1.79573,1.466,-0.376013,-0.260685,-1.40999,-0.212302,-0.980985,0.8078,0.318233,-0.594867,0.340096,-0.465184,2.12902,-0.833983,0.129676,1.30756,-0.617559,0.472306,-2.17222,0.463074,-0.37742,1.66158,-1.20208,-0.272658,-0.968149,1.37569,0.350415,-0.559056,1.33912,0.461335,0.193826,0.166099,0.115192
-0.122828,0.657197,0.635647,0.0242379,0.365237,-0.504764,-0.586336,-1.02541,-0.79808,1.51224,0.38297,0.416003,-0.382331,-1.48955,0.883134,1.0294,-0.93909,0.380546,0.820427,1.65052,0.223053,1.55423,0.401728,-0.0651058,0.304361,-0.872137,-0.979294,-1.24804,-1.33557,-1.24808,-1.75988,1.1009,0.492495,0.94335,1.30025,-0.830485,-0.144628,1.32531,0.149026,-1.36851,0.0129734,-1.13502,1.19083,-1.12748,0.920626,-0.525177,-0.798027,1.15577,0.0457789,1.25763,0.341613,-1.51367,-1.15546,0.615309,-0.44244,0.962508,0.575587,-0.0656377,0.123903,0.536613,-1.8705,-0.0782546,-1.68446,0.79075
0.281226,0.283049,0.162361,-0.635971,-1.36245,0.988166,1.04551,-0.0889322,1.7471,0.0765976,1.36046,-0.293931,0.253465,0.3397,0.14231,-1.15523,0.199468,0.455418,2.22109,-1.03928,1.62001,0.0983128,-1.00777,-1.03103,1.27992,-1.69047,-0.665852,-1.27738,-1.01548,-2.4438,1.49027,1.37649,2.70656,-1.03254,-1.52243,0.32516,1.46922,0.481513,1.65055,-0.84542,-0.822074,1.9813,0.226889,1.16272,-2.2564,1.2294,-0.119705,-1.14406,0.679791,-1.05272,1.64929,0.913146,0.431153,-0.537372,-0.978519,-0.540418,-1.03595,-1.50267,-1.28285,1.45226,0.564495,1.16462,2.05273,-0.893144
-1.60732,-0.513732,0.227414,1.02971,-1.62138,-0.222902,1.3961,-0.968987,-0.257381,-0.0227625,-0.269011,-1.49332,0.268975,0.600284,-0.200005,-0.00611006,0.217794,0.344005,-0.222424,-0.100698,-1.01555,-1.41484,0.11126,1.22707,1.27832,-1.10119,0.880098,0.626744,1.54854,0.45289,-0.39367,-1.07266,0.932557,-0.642202,1.15619,-2.41478,0.835838,0.0802104,1.29998,-0.400152,0.23562,0.375354,0.689225,0.919827,0.674943,1.47667,-1.75359,0.308385,-0.665455,-0.0973969,-0.414316,1.54092,0.0994469,1.71268,-0.344149,1.89611,1.03222,0.225995,1.22658,0.464296,1.11035,-1.65631,0.944577,-0.1953
-1.21805,0.389167,-1.44467,-0.200045,0.400271,-0.897136,0.0324242,-0.547316,1.08593,0.319109,-0.138224,0.1364,-1.04515,0.284784,0.817255,0.294504,1.97458,-0.0606507,-0.255207,0.671806,-0.630404,1.22498,-0.559407,-0.995816,0.497278,0.360423,0.445761,-0.511287,2.1299,0.110887,-0.620469,-0.409395,-0.256134,-0.683212,0.907647,-0.596821,-0.365033,0.208058,-0.198501,0.73567,-0.198187,0.0912525,0.925213,-1.10898,-1.99827,1.88705,1.23194,0.70859,0.723912,-0.83097,0.442915,0.117986,-0.227001,0.378101,1.96612,-0.804738,-0.945201,-1.61153,-0.0466112,-0.118218,0.495068,0.32555,0.473365,0.176205
-0.535369,0.268929,-1.95834,-0.600529,0.897023,-2.58597,0.113821,1.30908,-0.864749,0.741791,1.25553,0.520811,0.488376,0.339414,-0.389626,-0.566038,1.38382,1.0479,-0.475309,-0.219228,1.79943,-0.698124,-0.345532,-0.207413,-0.407286,-0.735592,0.625167,2.1156,-1.46267,-0.937626,-1.31705,-1.17301,-0.19985,1.07221,1.01774,-0.0758398,-0.83685,0.491187,-0.138389,0.331624,-1.21972,-0.34073,-1.54404,-1.12743,-0.63345,-1.12418,-0.801722,-0.236259,-0.271888,0.871115,-1.03127,-1.20773,-2.27984,-0.943319,0.849371,0.227814,1.19482,-0.646846,0.354583,-0.933211,-0.286324,-0.71326,-0.907462,-0.378016
0.35129,-0.763904,-0.540353,1.14684,-1.81405,1.25796,0.365253,1.3371,0.162066,1.17317,-1.5127,-0.342097,1.62511,0.150798,-0.817825,2.33199,-0.580356,-1.08394,-1.99525,-0.351376,0.0827371,0.41055,-0.0617234,0.0861977,-1.49491,-0.576701,0.0829904,1.83694,0.946887,-0.552971,0.841728,0.100208,0.811162,3.0285,1.63103,-1.17812,-0.286491,-0.831491,0.473824,-1.55139,0.0879748,0.902388,-1.15616,1.24608,0.821865,-0.526429,-1.02691,1.1003,-0.622029,-0.412703,0.0267183,0.570584,-0.145549,0.244033,0.179511,-0.853378,0.866858,-0.6839,1.26059,0.993538,0.80382,-0.411133,0.0488419,0.923836
-0.102907,0.556989,2.188,0.150919,-0.205203,-0.13122,-0.152862,0.584509,1.50709,1.00093,0.194169,0.0858651,0.625737,-0.221463,1.90835,1.26552,1.37394,0.907112,-0.0883941,-0.0491195,-1.77125,0.875223,-0.373406,-0.445,1.16474,-0.34642,0.0937997,0.127986,-1.74284,1.28467,0.521191,0.354803,-0.502689,0.480449,-0.175298,0.55392,-1.80834,0.97657,-0.827353,-0.951339,-0.927726,0.558851,0.775929,-0.338621,0.593009,-0.146229,0.518945,-0.14293,1.37467,-0.76415,-0.777137,-0.143918,0.0985105,-0.971801,1.09796,0.692836,-0.0319587,-1.44036,-1.11603,0.470772,-0.620335,1.07974,0.0830904,-1.42248
0.183876,-1.31497,-0.517417,1.34145,-0.436068,-0.913398,1.16493,0.272552,-0.340871,0.289318,0.0902376,-1.32939,0.156137,0.751795,-0.312812,1.17822,0.442977,-0.176203,-1.64614,0.904006,0.32882,1.48042,0.384385,0.0184376,0.427783,1.46353,0.551589,0.602508,0.0922346,0.662827,-0.0877347,0.181074,-1.6603,0.741815,-1.08678,0.255185,0.0215758,-1.03137,1.58652,0.373047,-1.70488,0.689615,-1.35542,-0.88512,-1.44314,1.05078,-0.621896,2.5812,-0.407248,1.728,0.661071,1.23931,1.57456,0.0880416,-0.0105565,1.11786,-1.28074,-0.367916,0.41008,0.555503,0.24981,-0.202868,-1.0154,-0.154677
-0.251643,0.264042,-0.882447,-0.808522,-1.38504,-0.252742,-0.136136,-0.333576,0.757303,-0.357837,-0.49041,-0.443148,-0.549859,1.21157,0.0960148,0.56933,-0.692076,-0.932656,0.179592,0.37574,-2.63519,1.20111,1.37557,-0.481308,-1.12549,0.331475,-0.738939,0.0807739,0.700385,0.045572,-0.222982,0.294534,1.1849,0.531267,-1.22345,-1.94267,1.05054,0.923018,-1.2279,1.19845,-0.128044,-1.56583,0.0226767,-0.412594,0.100268,-0.0576171,2.17644,-0.505117,0.707616,0.168806,-0.769654,-0.61053,-0.390348,-0.219307,-0.366182,0.158117,-0.0288485,0.380841,-0.637688,0.0199284,0.114864,-0.632587,-0.595996,-0.421067
-0.0567863,1.70239,-0.3686,-0.291037,-0.796968,-1.29255,-0.481261,-0.149085,0.211154,-0.665214,0.1032,-0.208114,0.619576,-1.04761,0.177095,-2.92616,-0.472547,-0.754478,-1.41209,0.0729476,0.549526,-1.68704,0.621703,-0.118139,-0.0353832,1.10076,-0.0231474,0.838535,0.104748,0.300247,-0.197945,0.322434,0.147115,0.0996966,-0.0173802,-0.789578,-0.656148,0.259964,0.808843,1.17769,-0.232328,-1.06672,0.159497,1.60656,-1.42395,0.0608443,0.394269,-0.0925592,0.257552,-1.57337,0.949785,-0.594789,-0.366114,0.69376,0.0785804,1.54742,0.411439,0.108838,0.473496,2.27391,-1.03838,0.19888,0.0725813,0.738105
-0.875991,-0.543396,0.511153,-0.280235,0.986233,-0.61237,1.13875,0.0354353,-0.376712,1.63791,-0.696053,-0.529733,1.52979,-0.742917,1.35274,-0.127129,-0.44209,0.535952,-0.379712,0.437669,1.521,-0.299195,-0.907475,0.265791,-0.110304,-0.797641,-0.198735,-0.452238,1.75431,-0.550523,1.43967,-0.547613,0.086723,2.35771,0.655403,1.01642,-0.826403,-0.38706,0.945474,1.30893,0.644601,0.487718,-0.773273,0.279736,0.489014,-2.06849,-0.211131,0.142787,-0.719352,-1.56309,-0.136455,-0.552623,-0.640928,0.182692,-1.02575,0.730695,0.158739,-0.0162045,0.80623,-1.99889,0.109972,-1.77312,-0.353053,-0.77467
1.26941,-0.408674,0.368889,-0.915439,-0.32476,0.382851,-0.0730031,-0.646058,0.398823,-0.898324,0.499214,1.38202,1.45815,0.679519,1.0972,-0.280012,-0.490269,-2.22803,1.83292e-05,-0.662413,1.23889,0.607766,-0.801362,0.298524,-0.117369,-0.109652,0.99979,0.87642,0.866599,0.0593341,0.0696022,2.22126,-1.04586,0.543149,2.5223,-0.515746,0.572548,0.313977,0.727598,0.779886,0.493886,0.26124,0.426154,0.395259,1.13603,0.443855,-0.959876,-0.813888,-0.723494,-0.0845162,2.27003,-0.549588,-1.44328,1.46967,-2.23785,1.12766,-0.567109,-1.61869,0.544913,0.535133,0.415499,0.399933,3.12502,-0.351651
0.374752,-0.0428653,1.22951,-1.02434,0.634116,-2.72969,1.1233,-1.23348,2.15982,-0.318567,0.837933,0.642408,-0.775957,0.454366,-0.34831,0.717372,0.254531,-0.544177,0.698229,1.11434,-0.772504,0.363069,0.890853,0.0663115,-0.625314,0.128655,2.13798,-0.598144,-1.25386,0.171243,0.383931,-1.23463,0.106083,0.0164907,-0.884657,-0.653739,-0.438214,0.168763,-1.28303,0.830382,0.544417,-1.3048,0.0867496,1.26637,-0.38313,-0.560745,-0.995359,1.34417,0.779256,0.32996,1.00094,-0.343851,0.0116599,0.748409,0.174133,0.936161,-0.939595,-0.61002,-0.417944,1.49818,0.713236,1.00514,0.978973,0.615448
0.239605,-0.342539,-0.0109739,0.490824,-0.398935,0.879936,0.433662,-1.77756,-1.18575,0.000563296,-2.9612,-0.0801676,1.63381,0.118132,0.789678,-0.989688,-0.843659,0.0968501,-0.889007,-1.28012,-0.554073,-0.359285,1.43251,1.18418,1.34317,0.253586,0.335705,0.100385,0.674928,0.82824,1.13905,-0.623406,-0.0227098,0.120536,1.38378,0.147855,-0.38749,-0.137222,-0.580524,-0.401775,1.35331,-0.655067,0.0166158,0.126988,-1.11877,1.90113,0.294066,0.362994,-0.121236,-0.611387,0.395552,0.191615,-0.290716,0.460513,-0.57516,-0.0264142,0.422114,-1.01076,-0.430322,0.493664,2.19713,2.35548,-0.635879,0.0638024
-0.17604,-0.101013,0.882336,0.392635,-1.12454,0.0578675,-0.220051,-0.625673,0.0789667,-0.965442,-0.267736,-1.558,-1.34783,1.30504,-0.8964,-0.220283,0.683019,-0.5969,-1.0806,-1.50398,0.519888,-0.871929,1.10145,0.652449,0.688176,-1.74062,-0.0909934,0.302077,1.37297,-0.630597,0.0786775,-1.16971,-0.526729,1.07462,-1.39719,0.473861,-1.16703,1.00258,0.0391726,0.390884,-0.454163,-1.68782,1.51271,-1.98828,-0.466261,-0.00874453,0.365569,0.285505,0.405749,1.5965,1.1137,0.463294,-0.484674,-0.991172,0.992521,-0.950456,-1.12458,0.475129,0.733877,0.397596,0.451441,0.542405,-1.51424,-0.264961
-0.635549,-0.214762,-1.14951,0.2213,1.08244,0.600489,-0.615977,0.969025,1.03281,1.33542,-0.693824,0.101207,-2.1389,-0.813902,-1.81419,-0.0977667,-0.635553,2.40962,1.76168,0.915971,-3.01362,0.594362,-1.8286,-0.567395,0.0419427,0.418713,1.94717,0.521906,0.382733,-0.354569,0.191041,0.125356,-0.905545,-0.969039,2.10617,0.488479,0.443221,-0.126216,0.460956,-0.899091,1.53754,0.316954,-0.844704,-0.642209,-0.350732,0.0452177,-1.26581,0.836957,-0.752973,0.608507,-0.676436,-1.58737,-0.182681,-1.0693,-0.326052,1.08532,0.206996,-0.0402773,0.778228,0.74808,-0.677055,-0.506889,0.916529,0.449807
-0.363702,0.471191,-1.36851,-0.586225,-1.27014,0.641999,-0.605124,-0.379238,0.612374,-0.636222,0.90298,-0.876975,0.404958,0.992533,1.77893,-0.443266,0.271893,0.192093,-1.39385,-0.0327402,-1.29032,0.325712,2.82309,-2.00055,0.76336,0.0865717,-0.625674,0.0174635,2.32349,1.03009,0.834944,-1.5216,1.2698,-0.917758,1.60861,-1.0445,-0.368027,-2.08173,2.17825,-0.474514,-0.367394,-0.893466,0.561144,-0.98274,0.690575,-0.00639843,1.38799,-1.37809,-1.39729,-1.37688,-0.0363399,0.315932,0.790628,0.102833,0.514526,-1.0098,0.861291,1.94436,0.510692,-0.252819,-0.258496,0.0994385,1.09977,-0.545746
0.686052,-0.922121,-0.160062,0.494834,1.11059,-0.190027,1.06803,-0.311947,-0.562679,0.584127,1.06103,1.26141,0.717481,-0.330654,0.0460559,0.454352,0.155271,-0.475131,-0.756024,1.04191,-0.797674,-0.188609,0.840401,-0.336138,0.397533,-0.169749,-0.894618,0.632209,2.04864,-0.199802,-0.681665,1.50871,-0.849786,0.977504,-0.0437637,1.84865,-0.605852,0.645018,-0.407046,-0.512601,-1.56995,-1.33727,0.713642,0.159801,-0.264437,0.595791,-1.05796,-0.0961862,0.682013,0.56381,-0.632718,-0.47475,0.190026,-0.273928,2.0666,0.882934,-0.304779,-0.885595,0.129819,-0.272277,0.0802221,-0.858133,0.935186,0.724136
0.544328,0.174734,-0.549169,1.0683,0.435484,0.840693,0.623439,-1.96849,-0.706582,0.607103,0.978994,-1.3736,-0.905004,-0.935287,0.436975,0.499467,-0.00954434,-0.21284,0.441629,0.985555,0.0510682,-0.501255,-0.407875,1.03172,-0.890857,0.348736,-0.649869,0.0705552,-2.36149,0.645182,0.607075,-0.420626,1.49547,0.484853,2.36308,1.0709,-1.676,0.682593,-1.63394,-0.573635,0.575981,0.876597,-1.26103,-0.954485,-0.340517,-1.99645,0.268352,0.214585,0.340577,0.98045,-0.476948,-0.263846,1.25332,-0.595646,0.943131,-0.108754,0.347023,-0.194703,-0.306522,0.327338,0.449183,-0.643366,0.125379,0.50334
1.52596,1.80789,1.27457,-1.28367,0.884926,-1.48866,-0.421526,-1.51764,-0.496797,3.23946,-0.0841341,0.00236565,-1.04263,0.559359,-2.2132,-0.430997,0.269422,0.889534,-2.26858,0.843459,1.60358,0.695014,0.293715,-0.484112,1.80206,-1.44617,-0.238651,-0.999988,0.587891,-0.507838,0.0569448,-0.612095,-0.505726,1.12092,1.43262,-0.199952,-0.186885,-0.924814,-0.793236,0.00433668,-0.128955,2.04894,-1.64644,-0.657375,-2.3033,0.675341,2.00471,1.35055,1.157,0.243922,-0.371278,0.204646,-0.499681,0.70188,-1.59983,-0.0510468,0.125949,1.21135,-1.16765,-0.674752,0.524252,-0.252887,0.670188,1.23218
-1.2377,0.622384,0.248301,1.66068,-1.64982,0.335764,-0.190857,-1.25307,-1.70085,-0.803234,-0.202155,-1.99138,-1.21429,-0.324742,1.04964,0.701142,-0.851548,0.980407,0.54524,-1.06618,1.66424,0.592274,-0.692464,-0.105678,1.75713,-0.0344563,-0.897067,0.438527,1.45498,0.475476,-0.082652,0.560783,-1.44903,-0.160908,-0.15778,-1.31318,1.10623,-0.894721,-1.05063,-0.251084,0.707476,0.99916,-1.47397,0.147384,0.931246,0.394939,-1.60804,0.276432,-2.12641,-0.747757,-0.713633,0.200942,0.326234,0.662615,-0.902065,0.529235,0.483667,-2.50075,0.760694,-0.534096,0.336394,1.92614,0.518038,0.611608
-0.650277,-0.9445,0.887016,0.185954,0.413042,1.117,-1.38282,-0.117662,-0.840974,-2.26734,-0.0778815,0.208646,-0.598924,-0.158074,-0.72081,-0.633344,-0.360117,0.282403,0.926549,1.10365,-0.442873,1.01668,0.734017,1.28323,1.12477,-0.342234,-1.16949,0.562441,-0.871524,-1.09359,-0.895102,-1.41719,0.830671,0.820423,-0.514211,-0.5043,-1.31976,1.68457,0.220238,0.089948,-1.42153,0.620986,0.363357,1.73306,-0.0060904,-0.62134,0.955006,-0.458099,-0.924144,0.64195,-2.62667,-0.677642,0.310534,-0.782226,-1.08293,-0.594177,0.813263,1.14993,0.462815,-0.56003,-0.53276,-1.04431,0.851297,1.59042
1.14966,-1.66498,3.10094,-0.824347,-1.61095,-0.753389,-1.86095,-0.36796,1.09088,-0.814052,1.27619,0.06895,0.132184,-0.0733985,0.0891211,0.28619,-2.14801,0.527477,1.86583,0.665996,-1.00631,0.882666,1.10459,1.44522,0.75757,-1.62485,-0.229276,1.42296,0.118608,0.0689817,0.484546,-1.05465,-0.204356,-1.16184,1.82874,-0.225319,-0.744498,-1.21141,-0.986468,-1.26906,-0.503421,-0.280147,-0.940652,0.572252,1.7965,-0.178073,1.10606,-0.0365521,-1.18835,-0.658117,-0.183895,1.23021,-0.319553,-1.3006,1.831,-1.96416,-0.038603,0.377513,-2.44012,1.11648,-0.147309,-0.293683,0.665702,1.24729
0.0805901,-1.22036,0.0542378,-0.713582,0.650631,0.027552,-0.0718393,1.90711,1.76413,-0.736757,-1.47618,-0.211357,0.556061,0.814605,-0.752503,1.18491,-0.985961,-0.166264,0.0358064,0.121022,-1.37047,-0.229594,0.943179,0.87117,-1.25667,0.0811649,2.03273,0.281358,-0.926402,-0.735957,0.734681,1.6859,0.00603439,-0.671459,0.122463,1.78464,-0.00298287,-1.24856,0.616006,-0.204688,-0.704126,-0.854701,0.00207913,1.28018,-0.191834,-0.739994,-0.679452,-1.45417,-0.463124,-0.074835,0.124703,-0.532244,-0.164012,1.05053,0.632686,0.835356,0.483744,-0.1412,-0.459356,-1.13763,-3.59275,1.5068,1.25035,0.0796502
-2.06594,2.28296,-0.737039,0.694837,0.712163,-0.768027,1.56417,0.2608,-0.181676,0.92195,-0.508613,-0.358615,-0.470282,0.178388,-1.35461,0.246993,-0.670243,1.25457,0.304598,-0.661464,-0.647463,-1.18149,0.777606,-0.31654,-0.231777,-0.997046,-0.854634,0.228616,0.579344,0.645908,0.472466,-0.302562,-1.02199,1.90236,1.7017,-0.431032,1.3934,-0.0497737,0.420646,-0.153692,-0.116611,0.409128,-0.533539,0.43766,-1.76269,-0.372523,-0.131524,-0.285402,0.286584,-0.0339106,-1.14389,1.13047,1.26837,0.471283,-0.446722,-0.870681,0.0979809,0.838869,1.36096,0.0970173,0.104375,0.162357,0.854914,0.552579
1.53422,0.270687,-0.554856,-1.11583,0.0239744,0.802592,-0.376079,1.76676,0.351255,1.4022,-0.20219,-1.45466,-1.21904,-1.06592,0.34648,-1.31855,-0.516836,0.247142,-0.972659,1.34366,-0.582871,-0.685563,-1.06263,-1.42183,0.0924571,0.681792,0.844307,-1.28331,0.505387,0.448998,2.01955,0.851614,-1.35993,0.00793049,-0.126142,-0.65361,0.373949,-1.39352,-1.25809,-1.64537,-0.177124,-1.87427,-0.6457,-1.20337,1.42942,-0.165966,1.31336,0.569836,-0.165075,-2.06423,0.51947,-0.866338,0.478229,-0.71888,0.51319,0.194582,0.151185,-0.197949,0.767478,-0.639432,-0.275548,0.330195,2.40885,0.287255
0.229562,-1.12697,0.335047,0.501414,1.85485,-1.01088,1.11228,1.05411,0.915998,-0.116444,-1.5373,1.28633,0.621027,-1.66575,-0.062177,-1.11704,1.50554,-1.36859,0.366766,1.53823,-0.439851,-0.798391,-1.21169,-0.263394,0.165215,0.0316651,-0.156131,2.03676,-1.75559,0.0844824,1.55476,0.514454,0.939558,0.317322,0.53964,1.47911,-1.53809,-0.648052,-1.33842,-1.29593,-2.13043,-1.7941,-0.602759,1.05235,-0.415287,1.91534,0.284077,-0.418246,1.15983,0.743288,1.33672,1.30353,0.338004,-2.02637,0.0229468,1.77969,-1.17181,0.566574,0.367679,-1.0423,0.554354,-0.56323,1.87879,0.0849595
-1.16336,-1.51708,-0.746843,1.222,1.24819,2.04492,0.945864,0.537807,1.66102,-0.568279,-0.495213,0.689104,0.722209,0.786184,0.993828,0.44345,1.39591,-2.19921,-0.566922,-0.0684957,-0.112906,-0.506496,0.0786273,-0.49937,-0.942974,0.858908,0.0331473,-0.770504,0.445638,-0.843478,1.41126,-0.369828,0.212643,1.04469,0.407494,2.27174,-0.293898,-1.38586,0.829464,0.443451,-0.271715,0.179222,0.522247,-1.08585,-0.527117,-0.764171,0.811216,0.816227,-0.651458,-0.41182,-0.0907185,0.559156,0.387022,-0.169197,2.72411,0.6694,0.768041,0.602352,-1.05345,-1.99193,-0.0577793,1.08446,-0.23277,-0.632507
0.561024,-0.965842,-0.91119,-0.197198,1.15322,-0.305353,-0.0287421,-0.68873,1.37568,-0.110723,-0.614138,-0.160829,0.134032,0.0705414,-0.550427,-1.08026,1.44843,1.0605,-0.395582,-0.772823,0.840186,-1.02026,-0.465687,1.08594,-0.0920741,-1.05195,1.42507,1.63194,-1.45021,-0.910262,-0.299734,2.57422,1.02956,0.609862,-0.39516,-1.12957,-0.950684,0.662354,-2.86462,0.478728,-0.464498,1.07069,-1.15713,0.435752,-2.45247,-0.138792,0.597932,-0.9188,0.109844,0.696451,-0.205701,-1.10662,0.653494,0.391777,-0.21045,0.783704,-0.607594,-0.780131,-1.54574,1.03673,-0.419625,-0.463594,-0.129088,0.369662
-0.653185,0.566618,-0.382163,0.121885,0.213088,-0.340179,0.946319,-0.638196,0.319048,-0.613886,0.527209,0.259998,0.0400226,0.662044,0.07828,0.23677,-2.11753,1.10863,0.645684,0.409559,0.910569,-1.74016,1.65183,-0.837117,-0.0010793,1.03808,1.93205,0.605224,-0.499529,1.23723,0.123821,0.171936,-2.15883,-0.224916,0.469699,0.530279,0.281037,-0.233441,-0.572537,-0.215585,-0.649058,2.4525,-1.78711,0.409883,-0.48876,-0.46495,1.41092,-0.0998043,-1.00523,-1.09385,0.940158,1.03676,0.399159,0.647873,2.22202,-1.34094,-0.73168,-0.0861189,1.49571,2.02865,-1.36792,-0.362486,-0.0942863,0.587661
-1.63997,-1.05575,0.850785,1.95366,0.097827,-0.0508355,1.11891,0.557923,1.52653,2.66546,-2.19512,1.19651,-1.43755,0.893279,0.241905,-1.12766,0.632007,-0.854559,0.174643,-1.08446,0.169287,-0.0843555,1.41566,0.823018,-0.496606,-0.0100449,-1.98912,0.677235,1.19344,-0.141529,-0.620826,1.77197,0.451275,0.486516,-0.195795,-0.484784,-0.240401,0.752772,1.61349,-1.04307,0.265647,0.330303,-0.30405,-1.36264,0.103868,1.31008,0.0129725,-1.0402,-0.0632384,1.07677,-0.00743168,-0.381717,-0.161584,1.49118,-0.093224,-1.59899,-0.17728,-0.638237,-0.0171263,-0.0499921,0.505196,0.909081,0.244065,-0.339785
-0.129391,0.656732,2.42579,-0.494049,0.583529,0.813104,0.169313,0.951722,1.07285,-0.268413,-0.740487,-0.259034,-1.39918,-0.216803,-0.757593,-1.45565,-0.405442,0.18324,-0.460604,0.0857836,1.68137,-0.861126,-1.52425,0.567242,1.16945,0.0798582,-0.659596,-0.30128,-1.64172,-0.751296,-1.14953,0.0729986,-2.5927,0.781869,1.06815,1.29326,0.334608,0.296674,-0.387224,0.619076,-0.896655,0.9665,-0.0798713,0.554726,0.0062844,0.62036,-0.253321,0.972956,0.6114,-0.190753,0.981737,0.428024,-0.447581,-0.210678,-0.243625,-1.69787,1.44779,-1.239,-0.536385,1.18934,1.65711,0.642079,-0.809278,-0.848179
-0.181549,-0.27407,0.272481,0.222873,-0.621077,0.588286,0.688134,-1.0938,-0.901086,-1.17464,0.444732,-0.625813,0.549628,-0.263787,-1.52916,-1.04913,1.35175,1.45355,0.726087,-2.31517,1.76231,0.00707154,-1.23799,-0.282272,-0.539875,0.358752,-1.11437,1.98039,3.23038,-0.295828,1.0152,-0.599165,0.957416,1.03791,0.0978652,-0.253059,-0.618964,0.957099,-0.280777,-0.498224,-0.482275,-0.0279779,1.5295,-1.64213,0.446062,-0.605715,-1.4157,-0.444983,-0.0810459,0.624157,-0.0230745,-0.217074,0.148141,1.49905,-0.881885,1.89023,0.35251,1.0618,0.65265,0.253222,0.686016,-0.223717,0.382987,0.0840645
0.967323,1.32586,-0.275964,0.206534,-1.1576,0.90559,-0.216865,1.27592,0.0536674,2.19565,0.96847,1.23901,-0.479277,-1.07373,-0.634293,-0.857243,-1.06559,0.207162,1.45118,-1.71046,-0.63973,-0.635993,-0.224093,1.91026,0.620816,0.738088,0.316774,-0.49412,-1.38398,0.260533,0.478635,-1.68581,1.53051,0.242124,-0.896681,-2.7295,1.01841,-0.833537,0.125741,-0.599078,-0.268912,-0.350457,0.280675,-0.649865,-0.495565,1.78868,-1.59738,-0.935003,-1.50767,-1.45884,-1.74561,-0.968846,0.678635,-0.192765,-1.01788,0.787249,-0.872057,-0.310055,1.24197,-1.46872,0.737984,-1.20374,-0.178026,0.176324
-0.771155,-0.473752,1.4873,0.18415,-1.2894,-0.00686176,-0.34343,-0.156651,-0.907827,-1.81788,0.678673,1.58643,0.780889,-0.147618,0.914491,0.582656,-0.744433,-0.228209,0.106899,0.461299,-1.21855,-1.07064,1.32036,-0.810977,-0.529243,-0.702129,-0.178096,-0.609702,0.767703,1.22189,-1.88051,-0.778229,0.406157,1.4801,0.0457802,0.951874,-1.23229,0.872232,-0.278805,0.682015,-0.120278,1.34998,-1.11717,-0.576399,-0.752106,-0.883144,0.757339,0.771955,0.210996,2.18313,1.37085,0.22986,-1.14156,0.471626,0.325618,0.07052,0.0848535,-1.35664,1.76363,-1.3966,0.11422,0.0886701,-1.80662,-0.545723
-1.27938,-0.382952,0.579652,1.25385,1.08006,2.02092,0.808696,-1.34412,0.715085,2.10712,1.6997,0.931304,-1.40223,1.63774,-0.883688,-1.17611,0.258262,1.49715,-1.0624,-0.283618,-2.26369,0.959469,-1.01813,2.68579,-0.639767,0.494138,0.454724,-0.833207,0.965952,-2.53035,-0.62084,-1.00256,0.996873,-1.70033,0.711382,0.366899,0.158239,0.696367,-0.142729,0.264479,-0.616113,0.0988745,-1.95701,0.54666,3.30575,0.0910076,1.03273,-1.37021,-0.979913,0.228823,1.75843,1.03144,-1.36403,0.850474,1.57989,0.740783,0.212046,0.359668,0.777011,-0.0278731,2.73531,-0.982314,-1.1286,-1.76095
-0.0921836,0.113192,-0.288199,-0.278754,0.860538,0.34719,-0.858059,0.266734,0.06632,0.759559,-1.0645,-0.671528,-1.34899,-0.911214,0.109391,1.41998,1.3908,0.654492,-0.521897,0.0298197,0.43736,0.746977,-0.3869,0.121796,0.945562,0.217566,-1.90865,1.19448,-1.16249,2.17648,-0.0219355,0.442574,-0.0486762,-0.348823,-0.174339,-1.63024,-0.577416,-0.483768,-0.783732,0.548284,2.47075,-0.7358,-0.837314,0.192461,-0.667668,1.25529,0.485831,0.733694,0.499112,-1.55973,-0.514753,-0.079456,-0.821909,-0.470428,0.357728,0.899824,-0.765784,-0.0288928,-0.258223,-0.312387,-2.00658,-1.35387,0.0470323,-0.351722
1.86985,0.347454,1.35591,-0.973418,-0.745308,0.183583,0.2531,-1.11508,-1.02305,0.56177,0.692795,0.737904,-0.00682781,-0.584056,0.76268,-0.0990554,-0.587553,1.37694,0.133809,0.337234,-0.680108,0.354414,-0.326411,0.666293,-0.1618,-0.44863,-0.666964,-1.40014,0.694553,2.08691,-1.69879,1.19449,0.314587,-0.735079,0.416835,2.70465,1.3522,-1.97297,-1.29026,-0.980835,-0.56859,-1.22119,-0.267071,-0.229433,0.352705,0.833912,0.262305,-0.372019,1.81476,0.161792,2.26944,0.871668,-0.162856,1.34088,0.285193,0.0622742,-0.172329,0.453108,-0.454846,-0.809878,-0.592648,-0.148208,0.28792,-0.484323
-0.462915,0.207222,-0.6308,1.08479,0.0784054,0.460256,-0.899686,-1.9002,-0.313021,0.924464,-1.59974,-0.0769625,0.360478,-0.999546,0.924172,-0.908503,0.720692,0.107822,-0.455819,-0.466944,0.578258,-0.695452,-0.152336,0.618219,-1.38682,0.500013,-0.386261,-0.429424,0.243731,0.236972,-0.432197,1.39882,-0.369609,0.94436,-0.89442,0.344151,0.173874,-1.40027,0.232666,-0.86229,0.77933,-0.804553,0.648228,-0.634783,-0.631427,-0.346636,-0.993688,0.279391,-1.19385,-0.890574,0.871261,1.8453,-0.79762,0.249152,-1.62276,-0.190483,-0.319684,-0.540964,-2.16609,-0.243806,0.541304,0.282326,0.0778301,0.0209112
-1.27835,0.0551076,1.76975,1.18164,2.32682,-1.14761,0.038549,-0.883201,-0.5951,-0.447844,-0.0799524,-0.392907,-0.809692,-1.77926,-0.38943,1.28041,0.293839,-2.07229,0.815256,0.0551458,0.423622,1.82626,0.331943,1.63208,-0.718408,0.553239,0.27088,-1.8482,0.123338,1.96411,0.598749,-1.69119,0.632338,-0.111868,0.581593,-1.0228,-0.378814,0.4809,-0.16337,0.371964,-1.18082,-0.505911,-0.399468,0.0217063,-0.0565677,-0.427293,0.946311,-0.122332,-1.02086,0.292034,-0.81107,-0.0101462,-1.47027,-2.16791,-0.891287,0.0188088,1.2538,-1.72721,-0.125072,1.04694,-0.205173,-1.09821,0.747415,-1.79861
-0.367877,0.356213,-0.476192,0.120669,-0.914511,-1.14341,-0.764338,0.416302,-0.631835,2.26415,-0.162328,-0.728566,-0.840427,-1.39501,0.21575,-0.417354,-0.720472,-1.33296,0.242281,0.924183,0.18158,-0.297686,1.33365,0.295996,0.684887,-0.33035,-0.307446,-0.443299,0.774513,0.779302,0.0731405,-0.166403,0.271126,0.930888,0.631685,-0.129659,-0.994463,-0.188009,0.759894,-1.88878,-0.348515,1.63297,1.22781,1.04572,-1.45086,-0.542356,0.561622,1.68795,0.530071,0.097398,-0.208099,0.275988,-1.65312,-0.533822,1.00133,0.624206,0.963025,0.157407,0.0829939,-0.348903,0.335371,-1.00929,0.102996,0.494054
-0.259629,0.392818,-0.81365,0.352553,1.23601,-0.180853,-0.880864,-0.589929,-1.03066,0.29591,0.634363,0.875838,-0.0955993,-0.879215,-0.0871643,0.10593,-0.421388,-0.122366,0.116125,-0.635222,2.29766,-0.716659,-0.738989,0.62181,-0.267426,1.29235,-0.631468,0.664982,0.69772,-2.35033,1.066,-0.501167,0.776472,-0.80171,-1.37262,0.834829,-0.903353,1.28036,-1.25435,-0.814804,-0.24144,1.61875,-0.761558,-0.412932,-0.360421,0.453951,1.46605,1.16427,1.32053,-0.870237,0.0204751,-0.25314,-0.214544,0.151346,1.47349,-1.44964,-1.04032,-1.20545,1.44929,-0.458093,-0.29341,0.619808,1.09815,-0.77408
-1.91776,0.34729,0.959238,-1.1551,0.203874,0.780317,0.680074,0.297571,-0.066932,0.604182,0.289809,-1.41243,-0.397578,-0.57241,1.28225,0.288977,-0.383846,-0.130954,-0.174019,0.258539,-0.491588,-0.385956,0.66717,0.588198,-0.690715,0.282364,-0.499831,-0.568387,-1.68222,0.172873,1.46802,0.805394,0.10234,0.104405,0.12481,0.711175,0.556648,0.303224,-0.351551,1.14352,0.212559,0.656728,0.608108,-1.7428,0.907956,-0.621908,-0.751523,-0.478318,0.942077,0.912896,0.96706,-0.93439,0.0207121,1.06499,1.04651,-0.488328,0.115441,-2.38052,-0.80823,0.790768,-0.305349,-0.0088396,0.705238,0.883149
1.40591,-0.827819,0.817972,0.311681,-0.991297,-0.624951,0.960207,-1.32846,0.667753,0.257268,-0.620843,2.04856,-2.01571,2.05934,0.653292,0.442621,-2.22394,0.473705,-1.25178,-0.252246,0.71752,0.24455,-0.900053,0.564717,-1.99959,1.07786,1.2711,-2.46172,-0.316467,-1.42551,0.353812,-0.543845,-0.241294,-0.941527,0.133804,-0.33534,-1.57776,0.780547,-0.635097,-2.08807,-0.879232,0.0325923,-0.255478,-0.555446,-0.671091,-0.137375,1.45732,-0.350993,1.74866,0.298596,-0.705268,0.81952,0.0588646,0.331406,-0.884253,-0.618485,0.282924,1.76617,1.04621,0.41095,-0.973454,0.218303,-1.16531,0.412338
1.82133,0.85442,-1.09189,-0.987187,-0.291518,-1.452,0.749277,-0.746902,1.01025,0.298263,0.35125,1.03097,0.0801006,1.58504,0.102597,-1.07027,-0.583297,1.14426,-0.0964672,-2.53849,0.809845,0.00719068,-0.588242,-0.242692,1.87033,-0.385491,-1.17153,-0.308731,0.255177,0.100534,-0.553671,-1.28716,0.411541,-0.813381,0.00157805,0.261479,-1.37509,1.51599,-0.0625993,1.0174,-0.39095,0.808433,-0.940347,0.709836,1.55072,-1.10093,0.89843,0.529064,0.750782,-1.64639,-0.150101,1.64529,-0.816045,-0.0164295,-0.87165,-0.429215,2.27254,-0.537535,-0.53612,0.206791,0.92662,1.0425,-0.581801,0.627162
-0.500425,-1.41553,-0.635447,0.931166,1.46553,0.280563,0.609526,-0.967545,0.360859,1.23216,-0.0602256,-0.0421546,-3.28187,2.85794,0.0171604,-0.529688,0.190523,-0.0787714,0.84615,0.0708181,1.54709,0.366787,-1.95909,0.304414,-0.196299,0.462769,0.726092,-1.83269,-1.09678,-1.66983,1.16191,0.282245,-0.0955225,0.750144,2.26439,0.456568,-0.911714,-0.468974,-0.871758,0.505637,0.419764,-1.92885,-0.490471,-1.68527,-0.27017,0.857114,-0.0578631,-1.25363,-1.16509,0.967797,-0.91737,0.213488,0.896639,1.01244,-1.58346,0.323828,0.408165,0.823627,1.64672,0.94631,0.348203,-1.46212,-1.77762,-0.274133
-0.343337,0.899766,1.56948,-1.88082,0.279821,0.269305,-0.514876,-0.246168,0.35062,0.752768,-0.619779,0.994203,0.857609,-0.685236,-0.263212,0.380527,0.849597,-0.474346,-0.862882,-0.429531,1.16159,-0.719336,1.00207,-0.351156,-1.36163,-0.527624,0.127565,0.430091,0.364302,1.55387,0.0409086,0.794412,-0.134383,1.24032,-1.32593,0.693288,-1.30143,0.720292,0.17185,1.09879,-2.44696,-0.552727,-1.59635,1.72564,0.34619,-0.620012,0.357814,-0.0880107,-0.689334,0.41611,-0.86232,-0.297441,2.4693,1.11346,0.586903,1.03128,0.256424,0.559011,1.16589,0.480013,-0.662989,-0.510193,1.14354,-0.355793
1.48929,1.91462,-1.95853,-0.154674,-0.143166,-0.401279,0.21614,1.08744,-1.33468,-0.896943,-0.272906,-1.14774,0.661681,-1.53892,0.408837,-1.43282,1.90239,1.49545,0.157339,-0.06771,0.24306,0.489056,1.54355,-1.91481,-0.971381,0.158424,0.29765,0.967898,1.99043,0.686938,-1.14722,-1.60566,-0.472019,0.704067,3.49454,1.61639,-0.204326,0.0725234,0.374795,1.58382,-0.837308,-0.268862,0.93816,-0.246148,-1.65401,1.01976,0.763071,0.958029,-1.96278,2.06295,-1.40407,-1.57941,-0.375352,-0.113085,1.82852,2.48833,-0.00832235,0.0540944,0.111774,-0.925512,-0.35119,1.28577,0.228561,0.375007
0.905976,-1.08125,1.15632,-0.627471,1.12924,0.896088,0.978287,-0.6698,0.455266,1.51851,1.4623,-2.36954,0.475886,-1.08259,0.283253,-1.01334,0.148552,-0.358713,1.16745,0.251727,0.887641,1.14097,1.32405,-0.03216,-0.276537,1.14071,-0.0196721,1.08549,0.171662,-1.46323,-0.326166,0.277828,-0.602304,-0.331484,-1.18454,0.300042,0.910237,0.47436,-0.77303,-0.0394847,-0.644296,0.35061,0.104068,-0.571498,0.709616,-1.51878,1.05523,0.105934,-0.021334,2.16457,-0.805942,0.246264,0.350058,-1.59588,2.05958,2.04324,0.534296,-0.91813,1.02886,0.0110868,-2.42238,-0.115314,1.31723,-0.715539
-0.343658,1.51519,-0.871101,-0.638488,-0.970424,-0.447435,2.88138,-2.12708,0.355467,0.131129,0.343422,1.1141,1.79637,1.20959,-0.447583,0.456764,-0.209571,0.289115,-0.784404,1.04077,-1.12603,0.929908,-1.01828,-1.77644,0.232287,-1.17248,0.403334,0.245751,-0.408599,1.37692,1.20378,0.603517,1.58515,-0.105575,1.04285,2.47753,-1.42159,0.821285,-0.229178,1.44913,1.10767,-0.200129,-0.759591,0.399495,0.741025,1.80893,0.752895,0.951199,-2.2492,-0.612936,0.708011,1.35659,0.477235,-0.0707338,0.386461,-1.21095,-0.262404,0.844938,0.914371,-0.230721,0.594822,-0.853669,-0.0656996,0.320694
0.32402,-1.31206,1.83955,-0.0397066,0.634644,0.257761,0.800147,-1.2007,-1.91396,1.76349,1.67201,-0.0724029,0.208569,0.585125,-0.0898208,-0.310255,-0.399806,-1.58932,0.119342,1.50342,0.84518,-0.0916299,0.370743,-0.422454,-0.88335,0.502446,-0.267143,-1.60376,-1.75728,0.413077,1.20127,-1.87494,-0.941999,1.10753,0.722154,-0.88583,0.0643703,-0.553419,-0.857031,-0.143575,-1.25202,-0.403631,0.890966,0.966631,-0.548646,-0.53992,0.355095,-1.1131,1.04222,-1.7644,0.1835,-0.935216,-0.662717,0.702536,1.28342,-1.0392,-0.767813,0.455945,0.106165,-0.96769,0.928868,0.709038,-0.271581,-1.26343
-1.77847,0.942056,-0.345685,-0.233936,-0.727315,1.52183,-0.302607,-1.18925,-0.328992,-0.211852,-1.19942,-0.315395,-1.52451,0.236312,0.854046,-0.878597,0.582507,4.09628,0.70553,-0.497811,0.314073,-1.82193,-0.523843,0.230272,-0.364298,0.456105,0.217472,-0.0764479,-0.666198,0.94347,1.10813,-1.42557,-1.05013,2.1639,0.284162,1.08318,1.08757,0.122333,-0.123372,-0.141916,-0.478091,-0.243187,-0.599354,-1.39362,-1.1043,0.245922,0.300672,0.52812,0.326085,1.85527,-1.22111,-0.318566,1.23414,-0.764799,1.15784,0.172202,1.15373,0.860517,-0.929537,0.449215,0.673753,0.738103,-1.05045,-0.178881
-0.0914111,1.38768,0.19892,-0.798675,0.580362,1.62295,1.77896,0.163079,-1.41848,0.193398,0.248926,-1.64985,-1.06697,0.966541,0.977153,-1.70684,-1.25713,-0.549593,-0.37113,-0.740325,-0.114575,1.37337,-0.0307929,-0.375358,0.986866,0.878468,0.391082,-0.714096,-0.531144,-0.283507,-0.364747,1.57821,0.316931,-0.812598,0.470566,1.19456,0.743228,0.363529,0.587075,0.0225805,-0.38629,0.80969,-1.42209,-0.921986,0.017425,0.718654,0.25157,1.32475,-0.388431,0.251325,1.14693,-1.3204,0.705227,-1.54789,-2.45038,0.596837,1.17654,1.52727,0.226257,-0.261034,0.184948,-0.239161,0.459381,-1.22376
-0.240206,0.284652,0.612408,-0.645337,0.452549,-0.171287,-0.528133,1.14253,1.08882,0.567721,-0.592617,-0.487917,-0.732265,-0.412708,0.550352,0.310425,-0.600535,0.612214,-1.47597,-0.692489,-0.786884,-1.73189,-1.34615,1.33424,1.4173,0.0178636,0.137955,1.44866,-0.517287,0.987254,0.943219,-0.0465335,-0.531443,-0.64859,0.220816,0.162719,1.88158,1.71923,-0.0616106,0.474281,0.832132,0.676652,1.17815,-1.28095,-0.219846,-0.272222,-0.825773,-0.226029,-0.151851,-0.134459,0.81985,2.31951,-0.473241,-1.36233,-0.459817,1.48244,1.03846,0.829109,-0.906387,0.902198,-0.0929218,0.423129,-0.272585,-0.176159
-0.688914,-0.282202,1.77869,1.18349,-0.758508,0.751404,-0.760934,0.857519,-0.562657,1.25296,0.731033,1.24571,-0.2995,-1.10318,0.369783,-0.253246,-0.907708,1.87545,0.32355,0.0814467,-0.694397,-1.17696,0.157541,0.5192,1.19942,1.61078,-1.52954,-1.26068,0.262396,-0.567844,0.917391,0.0025565,1.57879,-0.438883,-0.363871,0.994657,3.10422,-2.08336,-0.201956,-0.940136,0.282693,1.22093,2.24245,-1.20345,0.0867264,0.112013,1.69142,0.708691,-0.440838,-0.517687,-0.668738,0.0757595,-0.999932,0.100625,1.67738,0.890078,-0.546126,-0.315901,0.182642,1.23389,-0.881226,-0.0930565,1.35057,0.178909
-0.212116,-1.24619,-1.20774,0.532235,0.775787,-0.432685,-0.734736,0.394315,0.758779,-0.502211,1.20389,1.36363,-0.851707,-1.07099,-1.3525,0.491978,0.197228,-0.479198,0.276508,-0.187935,0.440883,-0.610508,0.131244,-1.10999,-0.903896,-0.715381,0.591995,0.687765,-0.897738,-0.121977,-0.145365,-0.221809,1.12508,0.908606,0.330261,0.278079,-0.294119,-0.567032,1.24421,-0.122279,0.126448,-0.954128,-1.44058,0.904094,0.133019,0.282156,-0.740947,-1.21449,-1.31862,-0.547831,1.11253,-0.724437,-0.250837,-1.27251,-2.1546,-0.468272,1.51192,-0.564077,-1.81092,-0.560062,1.26506,0.29222,0.60898,0.126427
1.00383,0.390524,1.17766,-0.0409968,0.572192,-0.594129,0.389494,-0.320673,-0.0126675,-0.618358,0.410245,0.200017,0.128574,-0.536403,0.956616,-0.16317,-0.197753,-2.05735,-0.0367241,-0.903027,-0.159322,-1.58544,1.18478,0.0765387,-0.692991,-0.593092,0.260136,-2.01364,-0.755785,-0.189768,-1.45587,-0.3704,0.233465,0.374456,-0.752451,0.725613,0.244319,0.741857,-1.05151,-0.558201,-0.117161,-0.510178,-0.696372,0.960298,-0.528549,-1.20044,-1.3793,0.948923,0.731284,-0.818406,1.75126,-0.221568,-1.94356,-0.751121,0.336973,2.15497,-0.59062,0.723988,1.44113,-0.0449506,-0.301343,0.625275,0.292372,0.198344
-0.316841,-0.222127,1.25484,-0.45704,-0.284603,-1.66407,-0.96849,0.844529,-0.805794,0.267059,0.125853,-1.91836,-0.0834258,-0.224517,-1.16757,0.568686,-1.8456,-0.0680044,0.1662,0.28647,-0.529458,-0.34155,0.999712,2.57271,0.92474,-0.15688,0.258399,1.66662,0.324182,-0.838169,0.159155,0.21899,-0.97644,-0.892763,0.078151,-0.960874,0.249952,1.4427,-1.15091,-2.15591,0.337759,0.176521,0.523258,-0.175383,-0.711989,-0.866473,-0.144408,1.09781,0.191134,-1.08311,0.492428,0.282733,0.890816,0.819479,-1.80448,0.332193,-0.239452,-0.734616,0.29159,0.522521,-0.605723,-0.276504,1.07067,-1.74067
1.0871,1.50738,-0.103291,-1.46322,1.57227,1.34842,-0.461624,1.4613,-0.595303,0.747467,-0.790428,-0.263312,2.02357,-0.00361383,1.63922,1.11182,-1.07595,0.571302,0.23554,1.36004,0.414457,-0.551063,-1.98278,-0.0856901,-0.245377,0.517833,1.0051,-1.50108,0.785738,-2.29577,-0.379294,-0.833005,0.00932937,1.54325,-1.58096,1.28896,-0.0217098,1.09652,0.074576,-0.306956,-0.94394,0.422959,0.270008,0.572306,-0.22284,-0.117891,-1.03602,-0.136398,-1.10478,-1.61328,2.44295,-0.0800329,1.61879,0.527269,-1.05457,0.546016,-0.501368,-0.713052,0.188922,0.131541,0.707879,1.06216,0.479585,0.345331
1.82171,-1.02369,-0.677651,0.432482,-0.936064,-0.911823,0.316066,0.164427,-0.954771,0.311111,-0.123401,0.0391295,0.0207802,0.482539,0.261268,-0.157237,-2.97567,-1.10357,0.629721,-1.91267,-0.804559,1.33354,1.90998,-0.986892,0.949482,0.0944861,-1.34776,-0.678873,-2.04802,2.28279,-0.389866,0.798021,0.668617,1.20466,-0.0503201,-1.01567,1.03923,-0.555032,-1.14973,-0.38695,-2.06186,0.522204,-0.847317,-1.17597,0.718988,-1.94176,-0.283227,-0.696784,1.30109,0.557627,-1.25219,0.438011,-0.536771,1.0499,-1.26592,-1.26242,0.883917,1.59162,-0.324528,0.0265553,-1.09423,1.08859,1.07522,-0.0425168
-0.759372,1.69787,-2.22484,1.97239,0.0987382,0.146422,-0.405465,-0.312061,0.680254,-0.227639,0.975937,-0.151354,0.184519,1.28958,-1.42203,0.501308,2.51931,-0.77212,-1.03372,-0.551462,-1.59593,1.184,-1.10942,0.530902,0.0636044,0.500089,0.690066,-2.8274,-2.53686,-0.160877,1.4152,-1.22347,1.42622,-1.09047,1.20405,-0.113034,-1.79505,-0.749812,0.707131,-2.0335,-0.422558,0.320823,0.0352996,0.429495,-0.864853,-1.99663,1.47802,-1.56202,0.58957,-0.500305,-0.443328,0.32789,-0.576852,0.968456,-0.475793,0.417252,0.285346,-1.03474,0.508336,-0.991055,0.463315,1.3665,0.677434,-0.855036
1.95504,-1.37931,-0.334278,1.20265,1.13188,-1.17934,-0.283506,0.787883,0.136264,-0.783842,-0.0298206,-0.425189,1.21458,-0.933648,-0.751632,-1.79876,-1.20449,-2.32939,3.36269,-0.194257,-1.09416,1.17455,-0.109867,0.719096,0.010042,-0.824766,1.34445,-0.293307,-0.156051,0.255637,-2.26507,0.0757737,-1.48608,-0.360597,-0.244402,-0.757258,0.801165,0.780381,-0.998411,0.21931,-0.866909,-1.66234,0.229667,0.478582,-0.848036,0.463019,1.70334,-0.0494974,-0.62403,0.265738,-0.0912464,-0.953542,0.692491,-0.401211,-0.620174,0.641507,2.65241,0.190339,0.161304,0.43602,-1.08008,0.157271,-0.584165,1.86532
-0.294254,-0.766736,-0.0754988,-0.331112,-0.184538,-0.652886,1.51609,-0.189817,0.0576352,0.313236,-0.521312,0.858201,1.10933,1.53394,0.902129,-0.805027,-0.0811468,0.240456,-1.61325,0.757879,0.239742,1.98224,-1.20422,-2.23812,-1.30947,1.44246,-0.217261,-0.0213077,0.548616,1.29154,0.162072,-0.971476,-1.00446,0.341891,-0.347175,-0.178342,0.445557,-0.963062,-0.927058,0.135635,-1.83455,0.0837494,-0.587624,-0.1516,0.530186,0.51556,-0.22459,-1.37192,-1.10453,0.971338,-1.57386,-0.349068,-0.107856,0.168799,0.00761672,-0.233423,-0.251095,-0.250503,1.90268,0.150359,-0.879492,-1.4872,-0.112233,-0.465794
-1.31931,0.0643653,-0.0270145,2.32403,-1.05909,-0.791766,3.44983,-0.897602,-1.44635,-0.938401,-0.252255,1.13029,-0.34876,1.11637,1.56789,-0.775542,-1.869,-1.18251,-0.519809,0.724619,0.624084,-0.42787,-0.888229,-0.602019,-0.0654693,-0.0153064,2.19677,-0.935823,-0.189745,-0.0547016,0.206825,0.329178,0.947762,-0.857955,-0.838193,1.78532,-0.74192,-0.96289,2.23136,-0.408712,-0.709366,1.53271,1.06219,-0.57567,-1.77303,0.753634,-0.719495,-0.665093,-0.959,1.86382,-0.136855,-0.525209,-0.332722,-0.764223,-0.583746,-2.25784,-2.06607,-0.294212,-1.80669,2.08916,-0.447306,1.37559,-1.02156,-0.454717
-1.42426,0.211141,-0.0841901,0.668881,0.0346277,-0.735243,0.00985118,0.0983476,1.59521,-0.526139,-0.187547,0.690558,0.280091,1.63719,-1.53572,1.48944,-0.769463,1.27367,0.0483269,-0.710031,-1.08486,1.22991,-0.583514,0.329477,-0.229168,0.15595,0.234876,0.568227,0.555543,-0.741806,0.0908619,0.852122,-1.52088,1.80891,0.433874,-0.0468136,0.228018,-0.357881,-1.20659,0.619692,0.818352,-0.15788,-0.172805,0.227923,0.514224,-0.417477,0.359577,1.6302,-0.710371,-0.223534,1.15169,-0.787908,-0.848482,0.657532,0.116721,1.39491,0.887681,-1.0859,-0.459324,-1.19903,1.10146,-1.14953,-0.413635,0.403391
-0.664615,-0.0653012,-0.484875,0.781529,-0.429939,-0.983362,-1.97015,-0.435457,0.20051,-0.500253,0.491762,-0.0383801,0.434581,-0.302254,-0.320639,-0.966854,0.0846139,0.0473831,-1.72876,0.171693,-2.01552,-0.65438,-1.93686,1.42483,-1.01401,0.177863,1.44024,1.25614,0.600917,-0.618143,-1.07608,0.658396,0.803563,1.56062,0.209567,0.786637,-0.888425,-2.69521,-1.17849,0.0871015,-1.16432,2.47943,0.671233,1.63815,0.250533,0.509741,1.09302,1.165,0.303243,0.38577,-1.67907,-0.0115644,0.571955,1.69943,0.123719,-0.924851,0.430766,-1.09711,-0.457371,-0.525027,0.892143,-0.327539,0.0211715,0.703114
0.141886,0.228969,0.662241,0.108853,0.767928,1.24814,0.296025,1.121,-0.493882,2.10947,-0.344633,-0.507964,-0.0595409,0.0654459,0.0626012,-1.13389,-1.14704,0.644383,0.463105,0.0217006,-1.22851,2.23729,-0.122788,0.566218,-0.862179,-0.848415,0.0323976,0.41149,-0.531013,0.0532956,-0.213007,0.176621,-1.05479,0.152677,0.13031,0.277096,0.237206,0.278053,0.441289,-0.46717,1.71522,0.598415,-1.16357,0.926033,0.393446,-1.01365,-0.639941,0.53214,0.611958,1.48861,0.409069,-1.27898,-1.34571,-1.09177,-0.118029,1.02937,0.666195,-0.560033,0.193233,0.240019,-0.701044,-1.14315,-0.471378,-0.159743
-0.0900236,-0.711934,1.62184,-0.0576146,0.558962,1.21954,-0.4232,1.39782,0.883709,0.764965,-0.570053,-0.369294,-0.52483,0.338715,1.57989,-0.342694,0.563368,1.97053,-0.679257,0.0187816,-1.29893,-0.102496,1.25955,-2.03572,-0.400518,1.30328,-1.41024,-2.06243,0.972061,-1.216,1.63378,0.402077,-0.355623,0.664179,0.545291,0.339756,0.433427,-0.0171407,0.954084,-0.646953,-0.676519,0.982714,0.945094,-1.78364,-0.955345,-0.735691,1.20064,-1.54915,-0.30554,-0.599675,-0.516931,-0.586947,-0.550303,0.226948,-0.980964,-0.558961,-0.0385476,-0.178171,-0.684484,-0.14187,2.28967,-2.50409,-0.786354,-0.730242
0.394298,-1.22055,-0.986371,-1.47431,-0.336257,0.894601,0.928178,-0.698728,-0.787998,0.0400234,0.155612,-0.476397,-0.291476,-0.701648,-1.00657,-1.54902,-0.665842,0.426907,0.145951,0.659497,0.164323,0.438326,-1.594,0.249028,-0.153165,-0.461338,-0.884546,-1.61756,1.98708,-0.181405,0.186783,0.0517269,1.30871,-0.455911,-1.03013,-0.819856,-0.762514,-1.35123,-0.248849,0.983062,-0.0144668,-0.353045,1.99442,-0.325248,-1.22188,0.745751,1.02746,0.783732,2.01284,-0.510671,0.0486302,1.13549,-0.252869,-1.01329,-1.28079,-0.424559,0.874994,-1.1266,-1.20589,-2.85647,0.963881,-0.23137,-2.63495,-1.70606
-0.493889,-0.624817,0.98086,1.94927,-0.657236,-0.738665,-0.983009,2.14071,-1.62759,-0.57475,-0.0346729,0.529635,1.16921,2.36202,-0.780433,0.701767,-1.24644,-0.894851,0.554885,1.03523,-0.842324,0.945258,0.224417,-0.694836,-1.73689,-0.0442815,-0.587817,-0.952108,-1.08704,2.04206,-0.615981,-1.75757,1.60365,1.45358,1.13308,0.155114,-0.0626956,-0.73084,0.0135476,0.284692,-0.813922,1.97792,-0.390067,-0.516247,1.05559,0.851976,-1.80414,-0.554784,-0.392951,-1.52295,0.32878,-0.809381,-0.834625,-0.525386,0.564407,0.134296,1.05418,0.586102,1.02496,-0.824385,1.79321,-0.985548,0.00432304,-0.165965
0.829966,0.258957,-0.00715395,-0.294556,-1.09683,0.0753035,1.65311,-0.43207,0.409887,0.249816,0.309467,-0.578421,0.733717,-0.27044,0.888879,0.327286,0.284404,3.42814,-0.834629,0.715937,-0.0528884,0.124223,-0.441089,1.52458,-0.477263,-1.86249,0.310829,1.32314,1.97904,0.229237,-3.18076,1.05468,0.266677,1.2581,0.643416,0.0139958,-0.447578,0.0331789,-0.564579,-1.04936,2.91909,-1.50604,-0.429314,-0.115309,1.54723,0.646753,-0.502367,-0.897356,1.69373,0.0398303,2.18786,0.499627,-0.106998,-0.4781,0.223336,-0.435711,-0.075825,0.900513,1.51743,0.540204,1.33157,0.274898,1.5837,1.15612
1.49491,0.37797,0.702117,1.52567,-0.621397,1.18268,0.228544,-2.74719,-1.20663,2.46951,1.3534,-1.4311,-0.0300686,-1.44882,1.18277,-0.505823,0.25755,-3.01236,0.569335,-0.866021,0.503393,0.818905,-0.754198,0.278589,-0.49968,-0.991916,-1.56095,1.89611,0.672842,0.619256,1.86826,1.06085,1.05408,0.832221,-2.341,-0.308816,-0.393821,1.48082,1.04502,0.0990779,0.119071,-0.0998428,0.065862,-0.217172,-1.41466,-0.12152,-0.18143,0.795468,0.703594,0.20696,-0.742326,-0.667947,1.50419,0.29151,-2.68325,-0.739044,-0.0539631,-1.43307,0.490613,1.3749,0.167472,-2.14725,0.978261,1.08929
0.125043,-0.749834,1.41665,0.208852,1.58472,0.0975827,0.573894,0.744968,-0.873466,0.782595,-0.233248,-0.370726,1.55862,-1.09527,0.0995334,0.998142,0.138795,-0.122552,-1.03809,-0.47561,-0.68387,-0.142762,0.513475,-0.0527138,0.0901117,-0.618642,-0.326087,1.48156,1.28218,0.667511,-0.186404,1.2822,-0.717664,-0.709217,0.171242,0.451227,0.0500432,0.44193,0.00868902,-1.97044,2.47207,-0.693759,-0.228907,-2.13862,0.11278,0.635776,-0.892067,-0.926064,-1.63288,1.03606,1.55288,1.12863,0.605107,0.632118,0.97102,-2.18669,1.34742,1.3509,-1.03495,0.895034,-1.38893,-2.03179,-0.382143,0.508893
0.766531,-0.380769,1.18706,0.297697,-2.32738,0.571533,-0.159347,-1.23607,2.21533,-0.665499,0.71728,0.583174,1.33782,-1.68429,-0.41981,-0.906479,0.329741,-0.527083,-2.17404,0.613195,1.04595,-0.533121,-1.57818,-1.43959,-0.738415,-0.958366,0.502846,0.600872,0.206823,1.27432,0.0833527,-0.401789,0.0120084,1.38319,1.2545,0.332045,0.0479521,1.52922,0.81525,-0.543695,-1.90704,-0.133734,-0.0495754,2.17609,-0.880815,1.25944,-1.66687,1.68408,-0.410801,-1.01242,1.13162,-0.834371,-0.0369865,-1.67185,-1.05638,-1.26124,-1.88278,1.20323,1.29895,0.403165,1.65617,-0.970443,0.174668,-0.872411
-0.508719,-0.524105,-0.762386,0.190453,-0.779127,-0.674663,-0.0658433,0.210211,0.277521,0.763643,-0.166484,-0.347142,-0.230641,0.522595,-1.28453,-1.32309,-0.337349,0.671886,-0.528139,2.04602,-0.667524,-0.324719,0.0227759,-1.69593,0.102729,0.48905,0.203392,-0.247478,-0.116303,0.533813,-0.478152,0.180821,-0.611408,0.887749,0.0288741,-0.610248,0.897922,-2.21364,0.347517,-0.0583863,-0.334355,-0.135413,0.402344,1.26686,0.429028,1.77817,0.491142,1.10693,-1.82291,0.385768,0.68667,0.0996915,0.14796,-1.46598,-1.74809,0.0937627,-1.21611,-3.12722,-1.70569,0.442214,-0.397178,0.88891,-1.17629,-0.440064
0.928777,2.39905,-0.751782,0.58207,-1.27959,-0.2301,0.841245,-0.324576,2.30257,-1.34883,-0.936351,-1.10017,1.86709,-1.03246,0.38994,-0.100346,-1.46087,0.0270782,-0.4436,-0.657924,0.0255689,0.370798,0.706186,-0.877781,-0.509784,1.42875,0.32487,-0.125778,0.474482,1.28422,1.30188,-0.0221894,-0.240875,0.105647,1.74485,0.673908,1.67675,-0.812384,-0.991713,0.805834,0.247819,0.228934,1.4938,-3.07335,0.703575,2.05411,-1.99218,-0.303395,-0.403531,1.14576,-1.67128,0.605732,-0.7071,1.56895,-0.14785,-0.954577,0.840882,2.23709,1.69018,0.665962,-0.169897,0.406593,-1.0169,1.51463
2.09179,-1.33289,-1.58769,-0.105903,-1.43629,-0.365743,-0.458796,0.727126,0.136602,-0.649075,0.36927,-0.0548459,0.745534,0.0170653,-2.07415,0.771035,0.324799,1.12227,-2.00669,0.449442,-0.749221,-0.771602,0.0141358,0.591081,-1.10104,0.313909,-0.0189695,-0.679646,0.751683,0.0607399,-1.55817,0.126847,0.0725703,-1.63605,-0.977285,1.17971,0.304351,-1.23063,0.304662,-1.85075,-2.70626,-0.859619,1.03936,0.296496,-1.13157,-1.11808,1.3828,-0.566454,-0.745867,-0.490246,-0.262135,-1.18607,-0.00381943,-0.55849,0.959748,0.651101,0.838521,-0.653674,1.59449,-1.03163,-0.091727,0.519114,0.292904,0.218598
-1.80141,-1.1187,-2.28083,0.647268,0.399384,-1.42659,-0.547079,-1.5978,-1.82058,-0.911559,-0.360891,0.0400901,-0.280648,-1.03962,-0.774896,-0.413232,-0.717818,0.447994,1.13209,0.056241,0.29819,0.143851,-1.47986,-0.200826,0.921277,0.707855,-0.638774,-1.06471,1.56428,0.435355,2.10801,-0.646648,-0.222007,-0.101242,1.00777,0.291055,0.35819,-1.29856,0.00952953,0.117397,-0.338272,-1.50963,0.345126,-0.800415,0.570415,0.785548,3.0264,-0.779229,1.84249,0.0823252,-1.37741,2.18264,-0.500193,-0.583607,1.10117,-1.50245,-0.462316,0.829264,-0.559705,-1.77123,1.41679,0.556264,0.956516,1.5745
0.638998,0.899926,-0.339866,-1.03102,0.106082,-0.498268,-1.44391,0.117902,0.780151,0.950134,0.294961,0.854158,-0.678142,-0.54343,0.647487,-1.02672,-0.526543,1.09566,-0.737398,-0.606616,-1.50146,0.550655,0.53987,-0.865155,0.129324,0.535135,-0.212823,1.3798,-0.534949,0.835909,-0.414484,-0.520215,0.419124,-0.504964,0.921495,-0.714736,-0.512498,-1.06336,-1.07231,0.519722,3.27362,-1.165,-0.458062,0.512877,-0.784826,0.689186,-0.570452,0.235558,2.98764,0.987594,-1.06564,0.447006,-1.45263,0.586418,1.73633,1.17721,0.646915,-1.05968,-0.332413,-0.838327,-0.135715,-0.303632,-0.542273,0.204667
0.145436,0.0113923,0.708458,0.6581,1.50606,1.29422,0.17617,-1.98478,-0.620787,-1.02876,-0.186728,1.74525,0.0855036,-0.0221954,-0.120827,0.414244,0.108293,-1.55708,-0.91019,0.81491,-0.474662,2.04006,-0.324267,0.636991,0.308731,1.49756,0.606004,-0.0565818,-2.14649,-0.0482406,1.63249,-0.294419,-1.53528,0.0056223,-0.333139,1.31841,0.949722,-1.71018,-1.68283,-0.117799,0.63602,0.07834,0.44933,-1.11796,1.29494,-0.689291,-0.827888,-0.552329,-0.279167,0.93601,-0.941199,1.59963,-1.55531,0.659079,0.377477,-0.751491,-0.842035,-2.33579,-0.89574,0.320462,0.831224,-0.767687,-0.42125,0.677428
0.849438,-0.942204,0.476185,-1.20878,-0.0295027,0.20799,0.133382,-2.25036,0.255059,-1.07727,0.671271,0.0243717,-0.789697,-0.42344,0.991462,2.55227,-0.50743,-0.157893,0.480165,1.09376,1.11444,0.233835,1.20545,-0.473176,0.282071,0.735426,-0.686057,0.0834262,0.0544357,-0.954483,-0.361173,-0.219202,-1.03686,0.82175,0.189572,1.77714,-0.115411,1.34558,-2.14672,1.6811,-0.99207,1.06956,0.613102,0.206165,-1.00447,0.489918,0.243673,-0.206238,0.80409,0.0726431,-1.53599,0.340069,-0.0106796,1.73822,0.260992,0.220207,-0.833253,-1.08607,-1.18699,0.684564,2.34233,-0.839918,0.44078,-0.0642167
-1.19794,0.42525,0.104598,-0.351146,-1.58354,-0.818748,0.280657,-1.09436,-0.870173,0.932237,0.0605167,1.00532,0.737635,1.60496,-1.01811,1.68645,-1.17549,1.45251,-1.06308,-1.07799,1.13354,0.937489,-1.14109,-0.0636252,0.451089,-2.89122,-0.783594,-1.04721,0.710367,-0.208951,0.783552,1.99257,-0.794472,1.0968,0.938024,-0.556424,1.21098,0.150251,-1.80713,-0.6332,-0.123873,0.350296,-0.845182,-1.31286,-0.212987,0.0396726,-3.09573,-0.334014,-0.501062,-0.193752,-0.774559,-1.00505,-0.257778,0.792831,-0.325623,0.293256,-0.750639,-1.12189,0.229486,0.850139,0.556876,-1.51126,-0.106606,-0.460826
-0.3624,-0.526475,1.70487,-0.61577,0.596097,-0.430433,1.34653,0.712824,-0.733684,-1.63051,-1.58731,1.20131,-0.800531,0.333034,-0.152315,1.19498,-0.119735,1.2834,-1.21045,0.350082,0.220191,-0.929774,1.61116,0.351814,-1.49036,-0.916128,0.527651,-2.10203,1.93236,-0.159802,-0.979899,1.1018,-0.59096,-1.5207,-0.904519,-0.963426,2.52596,-0.583257,1.18001,1.01074,1.83388,-0.383734,1.16486,-0.437349,-0.851707,-0.215425,0.533654,-1.57631,1.45224,0.258905,-1.01579,-1.28436,2.07275,-0.518144,0.220851,-0.513944,-0.13245,-0.31025,0.0754838,-0.72964,-1.23383,-0.421379,2.22643,-0.491484
-0.986935,0.373442,0.763684,1.59282,0.320945,1.48333,-1.92825,0.405023,-1.65862,-1.24769,0.462975,0.729049,-1.50365,-1.26726,0.31693,-1.02937,0.0554356,-2.22996,-0.282813,0.366417,0.00834685,0.286724,-0.698607,0.202102,1.02179,-0.781117,-0.0102145,-1.89942,-0.501195,-0.60663,0.613245,0.525352,0.983501,0.444904,-0.922118,0.249197,0.346865,0.0315988,0.257322,-1.30679,-0.0187836,1.194,-1.3603,1.10633,-1.64718,0.801555,-0.309926,1.08926,-0.497589,0.643022,-0.0463016,-0.12366,-1.08974,0.334124,-1.01291,1.25943,-0.610712,2.89152,1.02,-0.56041,-0.0319147,1.74056,2.8745,-0.132438
1.09263,0.782195,1.00014,1.67212,-2.18497,0.153562,-0.101877,-1.11605,0.0837025,0.761484,-0.103713,-0.438004,-0.424072,2.06352,1.35487,1.53496,-1.31339,1.15739,-0.136303,0.156684,1.15007,1.61983,-1.85201,-0.157705,2.14607,-0.976503,-0.318566,0.918784,0.887669,1.20016,-0.919062,1.31449,0.0710236,0.281684,0.544813,-0.688189,1.77089,0.537874,-0.834403,0.775103,0.724328,-2.19371,0.169681,-0.820662,-1.60174,-0.272316,-0.703538,0.433171,-0.400374,0.583252,-0.429035,1.23092,-0.838548,1.74279,1.53221,-0.885331,-1.34639,-0.580708,-0.371076,0.81144,1.07678,0.207672,0.96856,-0.810847
-0.0323522,0.476432,2.45805,-0.411479,0.910437,-1.45075,2.76916,0.658575,-1.05628,0.213512,-0.0238288,-0.806611,-0.932342,-0.0675408,-1.07048,-0.616756,-1.26152,-0.580285,0.736642,-0.748466,0.276565,-2.28994,0.415743,0.817739,-0.806855,0.452574,-0.613001,0.414343,-0.664143,1.38784,1.19323,-0.0371864,0.306182,-0.499385,-2.04603,-0.234032,0.549988,0.0579504,0.275775,-0.0519162,1.26698,-0.996465,-1.08593,1.28804,-0.39083,-0.128701,0.597486,0.330474,1.11288,0.86386,-1.60821,-0.388629,1.55837,-0.219254,-0.313802,-0.30765,0.639051,-0.361918,0.511761,-1.34547,-0.26684,-0.688204,-0.406201,-0.392015
0.265263,1.99122,-0.0776521,-0.961739,0.153935,0.101204,0.990188,1.49244,-0.168873,-0.31806,0.267197,-0.0270428,1.86544,-0.722536,1.44146,-0.902702,-0.925343,0.720829,-1.19437,-0.412272,-0.101597,-0.867174,-0.397931,-1.9661,-1.51605,-0.490146,0.247952,-0.0959453,-0.38187,0.628731,0.398892,0.37339,-0.160607,0.391281,-0.352626,0.891277,0.378382,0.312223,1.3838,-0.523372,0.846583,0.766424,1.42409,-1.38013,0.677812,-1.96105,0.721182,-0.158737,-0.338793,0.667097,-2.09891,0.543275,0.87643,-0.340745,1.1585,-1.18597,0.897925,-0.707017,-1.10412,-0.860639,-0.0346954,-2.14886,-0.460721,-0.856947
0.435812,-0.584694,-0.892152,-2.66916,0.241328,1.14093,-1.30565,-0.833166,-1.31377,0.519874,0.0755082,-0.213864,-0.698767,-0.52,0.456588,-1.12521,0.417473,2.01913,1.57568,-0.341178,0.206634,-0.762301,-2.38053,0.367191,0.117459,0.38443,0.150443,0.990544,-0.038048,0.4932,-0.684887,-0.257708,1.67278,-1.26773,-0.816286,0.170594,1.14654,2.32854,-0.214964,-1.04252,-0.998312,-0.0666046,0.505308,-0.0882642,-0.829333,0.431786,-0.0874056,2.59975,-1.019,0.457492,-1.03813,-1.58646,0.522284,-1.98952,-0.185213,1.26695,-1.20451,2.05006,-1.01865,-0.573931,1.39973,-1.59733,1.55306,-0.701712
-0.100222,1.00786,0.15157,0.166209,-0.119974,-0.223647,-0.274817,-1.32893,1.38611,0.699403,2.09082,-0.869074,1.87312,0.563983,1.36013,-1.10419,-1.66218,-0.327772,1.03009,-1.74286,1.15372,-0.648962,-0.106586,1.5812,-0.983154,-1.19565,-0.575274,0.437706,-1.08397,0.623704,-0.180543,-1.14687,-0.124132,1.02373,2.12313,-0.337939,-1.4212,1.30806,0.898601,-1.40137,-0.115891,-0.984227,0.294481,0.557238,0.656879,0.682632,-0.167678,-0.919596,-0.797117,0.234209,-0.0215113,0.51462,-1.11321,0.661439,-0.666355,-0.479978,-1.03228,-1.12333,-2.11778,0.0415456,-0.888013,0.203201,-0.467366,0.0928591
-1.8947,-0.483303,1.03537,-1.87785,0.176188,-1.36541,0.746993,2.08977,-0.440039,1.38781,0.0496076,-0.429565,-1.34718,-1.07958,0.139607,0.0478573,1.27308,-0.147099,2.00295,-1.52027,0.37163,0.726172,0.707088,0.668654,-1.25121,-2.07433,-0.564437,-1.0163,-1.09648,0.697103,0.0858504,0.606405,-1.15048,-1.12976,2.32598,1.06454,-0.207072,0.0699176,0.149839,-0.291066,1.39062,0.701136,-0.534548,-0.550405,0.502617,1.6381,-2.9833,-0.260011,-0.8652,-0.130854,-1.26575,-1.32102,0.593038,1.41235,-1.27962,-0.0421181,-0.274718,0.942837,1.88128,0.0897074,-0.635971,-0.307615,1.24972,1.98478
2.37608,0.339471,1.40978,-0.215695,-0.848233,-1.06796,1.86056,1.59975,1.2596,0.102424,0.362806,1.55347,-1.71771,1.6346,-0.611324,-0.728576,0.526971,0.779061,-0.902249,0.858035,-0.580046,0.159677,-0.941946,0.324318,1.19375,-0.236608,0.493027,-0.21689,0.513177,0.573523,-0.193596,0.663918,-0.889825,0.268287,-0.164411,0.0285126,1.48236,-0.341633,-1.34053,0.0117112,-0.485235,-1.7822,-1.08846,-1.63335,-2.08686,1.02641,-0.359487,0.10352,0.375149,-0.439164,0.625839,0.0552685,-0.53639,1.13388,-0.120813,-0.752058,-1.1095,0.263434,0.775136,0.157735,-0.0336109,1.55904,-0.772743,0.381678
-0.480249,-0.578376,1.50557,1.59124,0.0833184,2.43295,-0.0202694,-1.02393,-1.07189,-2.04585,0.633319,0.29014,-0.354075,1.27282,0.380438,-1.0677,0.66052,-0.80101,-0.988957,0.720922,0.985979,0.839995,0.561488,-1.37057,1.1158,-0.14421,1.0822,-0.435507,0.57755,-0.370709,0.412655,-1.41178,-0.448772,1.57308,-0.796068,-0.809087,0.753226,-0.829649,1.5267,-0.480434,1.01955,2.2076,0.827792,-0.859834,-1.66612,0.177989,1.3475,0.234262,0.477123,-0.114311,0.045037,0.593893,-0.753252,-0.59239,-1.09232,0.293699,0.953791,1.70909,1.14577,1.26477,-0.742837,-0.596173,1.60164,1.13259
-0.56597,-0.844435,0.771299,0.49416,-1.02681,-0.0562227,-1.16129,-0.359211,-0.357212,-2.34745,-1.08764,1.93956,0.628901,0.420344,-0.819406,-0.212028,0.270937,-0.222994,-0.831796,-0.113011,-0.901588,-1.50477,0.0617841,-0.490822,0.445503,-0.599742,0.382053,-0.208992,0.419821,0.869704,0.472561,0.299957,-0.688686,1.45842,1.65763,0.323567,0.0287459,-0.324812,0.983519,-0.0605197,-0.749438,-1.04873,0.591257,0.668495,0.0604319,-0.329027,0.55589,0.661191,0.000528206,0.189702,-0.0485374,-0.568798,-0.310588,0.139599,0.138929,0.415541,-0.0197571,-1.45015,1.50273,-0.877046,1.82338,-1.17741,0.000569157,-1.64478
0.913484,-0.125847,-0.694178,-0.189582,0.502093,-2.18647,0.21676,-0.382693,0.541656,0.363793,-1.09551,1.03495,0.608278,-0.505507,0.719389,0.30252,0.499981,-1.02078,-0.399127,-1.54184,0.942326,1.05969,0.182554,-0.928316,-2.18809,0.753413,-0.080363,1.17455,-1.97388,-0.0806459,-1.51447,-0.475019,1.0287,0.889844,-0.0352027,-0.18142,0.363355,-1.02854,-0.771635,-0.618321,-0.113745,0.635585,0.305299,-0.146798,0.124217,1.17563,1.31627,-0.786981,0.302052,1.70771,-0.691731,2.07382,1.51642,2.64713,-0.044542,-0.244116,1.34109,-1.23179,-1.01732,-0.439555,0.736029,1.45992,1.12253,0.664668
0.616834,1.18976,-0.0879384,1.18591,-0.978338,-0.0455668,0.643013,-2.5823,1.47247,1.51133,1.12257,-0.680471,-0.906045,-0.394681,-0.883062,-0.515456,-1.21062,0.35903,1.95213,1.50953,0.799228,-0.535066,-0.155582,-0.446698,0.43318,-2.3868,-0.650844,-0.0780779,-0.179115,1.62035,0.378815,-0.183979,-0.987943,0.129468,1.96602,0.0818682,-0.413599,-0.786989,-0.732275,-0.701854,-0.790123,-3.19944,-0.73028,1.12225,0.770702,-0.386947,0.709864,-0.30309,-1.19621,0.268085,-0.166261,0.515334,-0.4343,1.81314,-0.759547,1.81922,0.211301,0.124213,0.962173,1.61331,-0.852623,-0.549984,0.71985,-0.0533147
-0.432568,0.0430673,-1.6812,0.903642,1.64736,1.08677,-1.40958,-1.04471,-0.605373,-0.0726633,0.36546,-0.0634247,-0.479168,-1.21772,-0.297236,0.868074,-0.999579,-0.114513,2.73187,1.90388,0.265232,0.403022,0.641731,1.59718,0.625226,0.744287,0.83628,-1.83363,-1.06093,-0.293916,0.458736,0.0644929,0.400514,-1.19144,-0.963801,-2.51511,0.34668,-1.24823,-0.71494,-0.433242,-1.541,-1.50186,-0.560756,-0.17556,-0.473058,-0.634172,-1.56935,-0.245933,1.60817,-0.00805885,0.00690109,-0.812673,-1.37384,0.849869,-1.21629,-0.93652,-0.0698069,-1.04075,0.50049,0.510756,0.803306,0.862913,1.20632,0.300031
-2.17471,-0.844711,-0.883019,-0.0734316,-0.258098,1.25552,0.233915,-2.49355,0.404662,-0.402714,-0.61599,-0.343718,1.61908,0.518468,0.5622,-1.76284,-0.955007,-0.486898,-0.0286179,0.565807,-0.0199733,1.04717,1.36995,0.263846,0.830544,-0.33985,0.475389,-0.170471,-0.365272,0.906272,-1.1767,-0.34649,0.269222,-1.28195,1.68487,0.0676065,0.44777,0.93845,-0.664218,-0.512855,-0.74455,-0.580465,-0.321438,0.604536,-1.05174,0.109304,1.36189,1.42113,-2.60336,1.32732,0.593732,-0.225624,0.486414,0.0145127,2.48894,0.664187,0.928438,0.886151,0.696623,-0.119937,1.35798,-1.47188,-1.34604,-1.27453
0.515112,-0.600139,-0.0541463,1.35365,1.09275,-0.0261565,-0.654858,0.857365,1.51364,0.810932,-0.54306,2.6358,0.12534,1.56479,0.527853,2.28623,-1.86789,-0.300074,-0.0998757,-0.066615,-0.274105,-0.467015,-1.34164,0.344833,-0.414262,-2.36872,-1.17803,-1.21672,0.346099,0.500673,-1.12488,-0.430454,0.357287,0.187102,-1.5112,0.368261,0.319414,0.168941,-0.502645,-0.488762,-0.56156,0.566843,0.17148,-0.321741,0.249591,0.512169,0.368012,-1.05705,-0.804187,1.80542,-2.42799,-0.561609,-1.07052,-1.12175,1.45118,-0.675327,-0.955958,0.253769,0.316026,1.52585,0.738947,0.165216,0.134219,-0.1363
0.450599,-0.0509149,-0.700775,0.832569,0.579189,0.455081,0.529572,-0.401536,-0.0931728,-1.23931,-1.53824,0.84025,-0.132874,1.17184,-0.0034273,0.461781,0.150977,-1.33405,1.47277,0.910433,-1.30901,1.36468,0.289255,0.515005,2.15202,0.595324,2.27154,1.04872,-2.31605,-0.99563,0.417928,-0.740863,-0.0142967,-0.287878,-0.337581,0.917143,-0.904882,-0.314411,-0.304706,0.0892431,1.08115,0.663273,0.877138,0.736895,-0.213596,-1.64639,-0.426826,-0.555896,-1.10139,-0.956172,0.84005,0.135687,0.92977,-0.267144,-0.526838,-0.400759,-0.570938,-1.61163,0.0112473,0.427101,-0.372521,0.988723,-1.21765,-0.704338
-0.824888,0.157387,2.58983,0.508496,-0.467317,1.32228,1.38253,-1.23431,-0.219532,-0.294467,-0.325415,0.680336,-2.72066,1.53508,-0.47717,-0.715654,-1.28832,-0.626409,0.411457,-0.709828,0.796942,0.0979269,0.810826,-0.717332,1.62131,1.74532,-0.417933,0.740798,-0.503985,-0.922502,1.8546,-1.29567,-0.70793,0.0546063,-1.80529,0.905566,0.230702,0.977372,1.58601,-0.0256796,2.16255,0.217108,-0.26719,-1.03837,0.909334,0.685004,-0.354149,0.756335,-0.15619,0.158158,-1.56696,0.186315,0.767628,-0.798212,0.539619,1.17099,1.29314,-0.670311,0.156178,-1.15936,0.232901,-0.632831,-0.630122,0.202896
-0.127764,-0.439958,-0.382389,-0.349113,-0.163098,-0.535072,0.076113,2.57408,2.06285,-1.10326,2.73502,0.0180629,1.26438,0.771746,2.17581,0.41424,-0.372617,-0.171741,1.90587,-0.693628,0.41307,-0.449157,0.493751,-2.11188,-2.04572,0.496369,0.409525,0.550721,1.14342,0.264365,-0.286442,-0.0126139,0.0262446,0.538089,0.352255,-0.347236,-0.384868,0.607929,-0.0171418,-0.173743,-0.214681,0.490871,1.25634,0.46106,-0.627836,-1.70025,-1.18313,0.271421,0.615647,-2.52311,-0.62345,0.221211,0.232559,-0.915334,-0.118149,-0.669398,-1.66408,-0.0490052,0.830811,0.603721,-1.72163,-0.669348,-0.0907783,-1.33414
-0.230408,0.611109,-0.787283,-0.179083,-0.419116,-1.00696,1.406,1.18174,-3.28728,0.513496,0.559533,-0.392089,1.7459,-1.85295,-2.12333,-2.68757,0.21791,1.89658,1.54616,-1.36261,1.22563,-0.428433,0.400272,2.12391,0.106154,-0.691582,0.144044,0.701744,0.595885,0.766974,0.196351,-1.77613,-0.645498,-0.18473,1.19604,0.454535,-1.29773,-1.6248,-0.826529,-0.0657303,-0.00614994,-0.912461,-0.556097,-1.29537,0.0746719,-0.282531,1.23727,1.60857,-0.657521,0.648115,-2.43095,-0.032539,-1.00085,-1.05323,1.57154,0.000369942,-1.02462,1.11522,-0.0950691,1.16563,-0.644525,-1.41225,-1.93917,0.960294
-1.1261,-0.568076,-0.704052,-0.0567218,-0.770526,-0.0962484,0.37801,0.373154,-0.401976,-0.6221,0.936225,-1.75511,-1.05973,-0.0403915,-0.809878,-0.296571,-0.321486,-0.0789111,-0.505165,-0.308436,0.424438,0.646917,0.630351,-1.45103,0.919708,0.114354,1.25033,-1.01822,0.301351,0.992045,-0.856827,2.26495,1.74625,0.608657,-0.486711,-0.538247,1.10137,0.702672,1.14486,-0.343334,-0.625021,0.437069,1.66422,0.100501,-0.733158,-1.13698,-0.500845,-0.14615,-0.293969,1.16518,-0.211172,1.22687,-0.787301,-0.0830062,-0.357243,-1.5651,0.708712,0.537663,0.989305,0.422726,1.1395,-2.13012,2.54091,-0.354448
-1.39069,2.41829,-0.887246,-1.02045,0.724894,1.62757,0.360753,-1.29629,1.31643,-0.856678,-1.96836,2.07127,1.83671,-2.34332,0.202082,-1.24855,0.566949,-1.21837,1.15015,0.899752,-1.54614,-1.34467,-0.235788,0.823996,1.68867,1.2249,-1.82611,-1.24878,-1.42619,0.876284,1.91801,0.454005,-0.517523,1.22736,-1.2617,-0.333181,0.228376,-0.5381,-1.12915,0.24096,-0.499929,0.404254,-0.0723503,0.0866864,-0.765477,-0.245511,0.917176,1.95841,-1.78061,-0.43809,1.09861,-0.324036,0.335366,-1.15347,1.69741,0.0521176,-0.0916739,-0.425472,1.98308,0.731744,-0.199004,-1.09981,0.255161,0.857124
0.47333,0.0419098,1.19124,0.957692,-0.0582586,-0.0467333,0.192275,-0.55885,-1.81083,-1.29229,0.0963587,-0.613273,0.114005,0.201277,0.45628,-0.437601,-0.21835,0.318715,0.392312,-0.0777672,-0.492349,0.151202,1.91835,-1.5747,-0.827365,-0.208827,-0.620399,-0.867621,1.76182,-0.380651,-0.523862,0.290231,0.855925,-0.253842,0.912569,0.439271,-1.48811,1.12862,-0.170946,-0.377641,-0.313345,0.0161785,0.312774,1.81035,-0.323803,1.07975,1.13713,-0.387521,-0.471251,0.952835,1.31196,1.33303,-1.12533,0.437879,1.44528,-0.982962,1.07318,-0.650799,-0.846874,-1.69368,1.02654,-0.489811,0.282586,-0.347652
0.0423713,0.535998,-0.719635,0.108912,-0.482716,-0.0555575,1.16207,1.07951,-0.317026,2.60503,-0.202439,0.593347,0.00838063,-0.990946,-0.121947,0.544238,0.665003,1.43718,-2.83974,-1.61721,0.656894,1.30533,-0.385081,0.697081,0.572645,-1.18047,-1.51346,0.0796689,1.17641,0.764362,-1.13734,0.145071,0.751823,-0.487721,1.60508,-0.0546176,0.103245,-0.375303,-0.581341,-0.860986,-0.76693,1.0266,-0.490046,-0.777728,-0.672837,-1.19817,0.998621,-0.693642,0.312128,0.597264,-1.19063,-0.56379,-0.518706,0.419258,0.965366,-0.651818,0.191922,-0.479031,-1.23083,0.589873,-1.14898,-1.40096,-2.62485,1.30939
0.602954,-0.315407,-0.17119,-1.35285,-0.0275258,0.122365,-2.83892,-0.901083,0.0887258,-0.699349,0.44983,0.421474,-0.210821,0.635023,0.781568,-0.164406,-0.633755,-1.59256,0.032177,0.374147,-1.01675,-1.5198,0.26923,-1.32481,-0.711352,1.13535,-0.689618,-0.808439,1.11827,0.67696,0.983389,-1.16032,0.357608,-0.17108,-0.188281,-0.987504,-0.127435,1.60002,-1.17696,0.580515,1.53595,-1.75691,0.599587,1.66823,0.392343,0.0353337,-0.456145,-0.798173,1.91694,0.70835,1.54037,-2.09782,1.31348,0.773956,1.11036,0.202414,1.16288,-0.0546247,-0.732422,-0.3156,2.11546,0.836696,-1.7956,-1.45384
-0.781775,-0.150621,0.666406,0.06299,-0.664176,0.279139,1.25879,-0.843125,1.33349,-0.785623,-0.312216,1.49974,0.299352,-0.748253,0.648641,1.44226,-0.838603,-0.526439,-2.08648,0.764106,0.353682,1.12134,-1.15031,-0.269486,-1.98621,1.72281,0.448871,-0.350374,-0.456246,1.73869,-0.373304,0.584229,0.984049,0.414565,1.55332,1.42843,-0.522657,-0.113908,0.470695,0.51752,-0.18072,-1.15216,0.246409,2.69446,-0.547005,-1.30484,1.08017,-0.532293,0.502522,0.193136,0.309786,-1.47946,-0.744978,1.03481,-0.931727,-0.774256,-0.512159,-1.01895,-2.16161,1.21829,-0.0249501,0.994986,-2.18069,-1.14363
0.777673,-1.04468,-0.420269,-2.38529,-0.156756,1.14775,0.0724076,-1.9283,-0.659808,-0.336103,0.722161,-0.459564,0.459553,0.968823,0.158773,0.357118,-0.334225,1.12707,-0.521173,-0.845402,0.540604,-0.285726,-0.669128,0.355781,0.362871,1.99051,-0.0524142,1.09646,-1.01781,0.441483,0.98188,-0.939242,-1.23947,0.598876,1.26874,-0.621202,0.126375,1.42206,-0.122417,-0.966519,0.10981,0.802102,-0.973109,2.64527,0.927454,-0.225835,1.48763,1.70029,-1.60734,-0.220767,-0.870543,0.786033,-0.938931,-0.431932,-0.449795,0.56078,-0.0590339,0.957381,0.685669,0.17646,-0.725518,-0.443493,0.328801,0.621924
0.144396,-0.902596,1.34686,-1.15663,0.579028,-0.618298,0.271107,-0.0629964,0.804818,-1.12662,-2.24941,-0.0754072,0.932967,-0.492632,1.23499,1.03361,0.114233,0.630957,-1.09288,0.169516,-0.247826,0.938379,0.138271,-0.170378,-1.31269,-0.34592,-1.05619,0.206316,-0.710882,-0.962204,0.394958,-1.10179,-1.50222,0.587853,-0.295661,-0.00946623,1.19522,0.206213,0.15334,-0.215972,-1.30373,1.51656,-0.564415,1.47567,-0.0629568,0.559595,0.219068,1.95127,-0.738002,-0.750205,-0.963117,0.187289,0.37836,-1.15912,1.44572,0.817199,1.70074,0.0675961,0.250436,0.0223476,0.461039,1.61214,-0.999474,-0.0214595
-0.897329,-0.470151,1.14373,0.609548,-2.16108,-0.62136,1.89156,-0.299452,0.424234,-0.420927,-0.267934,0.399224,-1.3511,-0.421738,0.883866,0.548606,-1.03087,0.217004,0.0265057,-0.65165,0.319259,-0.916426,-0.642702,0.510554,-0.593366,-0.533177,-0.397852,-0.795253,0.609716,-1.03303,-0.60296,-0.0318137,0.337127,-1.32158,-0.23727,-0.280433,0.0399253,-0.834139,-0.16368,-0.637574,0.961938,1.33974,0.832304,1.4851,-0.991927,-1.17907,-0.13526,-1.72931,-0.241231,0.314021,1.32695,1.38475,-0.51188,-1.65573,1.54945,-0.5893,0.912109,-0.530673,-0.515567,-0.0513202,-0.33166,0.597092,2.09265,0.219532
-0.599884,0.811241,-0.259937,1.75038,1.46536,0.358218,-0.985247,-0.849644,1.14483,0.31239,-0.668795,0.358936,0.215158,0.679718,-0.188839,0.647902,-0.815649,-0.469167,-1.811,1.05419,-0.45145,-0.331764,-0.472826,0.176448,0.567804,0.0454394,0.512561,-0.248735,1.41483,-0.181494,1.28168,-0.0691635,1.6832,-1.08377,-0.23635,1.01775,2.61656,0.373703,-1.25788,0.766214,-1.00603,-0.883236,1.90754,-0.0556324,-0.178776,0.431131,-0.390614,-1.98096,1.9944,-0.319958,-1.26375,-0.801465,-0.0193047,0.528884,0.80667,0.196193,1.72125,1.00341,0.398137,0.189624,-0.0577633,2.30619,-2.28279,-2.60223
-0.0838902,0.823841,-0.0720026,0.0816652,-0.800031,-1.14386,0.505242,-0.530084,-0.556585,0.742672,1.3465,0.192879,1.30792,-0.783836,-1.73052,-1.13511,0.260857,-2.99013,-0.195162,1.98241,-1.01148,0.839808,0.411445,-0.933391,1.72583,-1.16625,-1.61481,-0.523698,-0.546299,1.17683,-0.939987,-0.336257,0.457742,-0.373098,0.0247936,1.18336,-0.0692288,1.03009,-0.125077,1.06967,0.547136,-1.39477,-1.1685,1.14605,-1.18095,0.49423,1.15952,-2.17224,0.960742,-0.685396,1.67973,-0.104107,0.423432,2.02222,-0.367321,0.527517,0.579386,1.98239,0.785774,1.00529,-0.456197,-0.678143,0.216907,-0.279298
0.621871,0.872296,0.82079,0.0134033,-1.33406,0.500819,-0.646206,-0.185059,-0.213665,-1.19659,1.09436,-0.393485,1.18396,0.579021,-0.142691,1.23707,-1.05383,1.48815,0.157498,0.414922,-0.278721,0.778527,0.889383,-1.25259,0.601598,-0.300755,1.26033,-1.36932,-1.51373,-0.861136,1.46541,0.169789,0.0634669,-1.00619,-0.281444,-0.668529,-0.644733,1.46634,-0.783029,-1.45536,-0.526733,0.482399,-0.682903,-0.409448,-0.104284,0.901341,-0.163926,0.9302,1.33874,1.24236,-0.670962,-0.147664,-0.735036,1.80739,-0.569519,-1.05625,-1.21351,0.160432,-0.0483466,0.114355,-1.36738,-0.399546,-0.654301,-0.117947
0.812191,-1.35986,0.331652,-1.09469,1.38134,1.62198,-1.38158,-0.679844,0.519109,1.36266,0.973955,-1.10817,-0.317447,1.37258,-0.21674,0.64084,0.99654,-0.328058,0.812562,-0.854599,1.02158,0.55833,0.589748,0.936861,-0.356297,-1.54535,-0.755229,-0.266333,0.430008,0.554307,1.0966,0.278511,0.844792,-1.87151,-0.382938,0.298906,-1.30537,-1.5574,-0.298297,0.00404232,-0.89387,0.642203,-0.761719,-1.06566,-0.592525,0.50199,-1.47874,-1.29389,-1.22831,0.881245,-1.46145,-1.73259,1.39845,-0.378549,0.785044,-0.0110758,0.0121537,-0.979322,-0.455477,-1.96333,-0.931546,-0.594039,-0.154293,1.32225
1.501,-0.320658,-0.631014,-0.0538201,0.667685,-0.876281,0.150465,-1.58764,-0.949659,1.43898,1.12319,-1.27273,-0.68995,1.6335,-0.450346,-2.11936,-1.327,0.707003,0.403087,-0.945209,0.00813197,0.521343,0.106352,2.26805,0.908425,0.837678,0.248563,-0.471643,-0.783219,-0.569465,-1.65548,-0.442716,0.597097,-0.835712,-0.398822,1.49887,0.644273,1.2093,0.14334,0.262694,-0.735701,-0.793139,-1.12187,-0.400142,-0.760544,-0.0789278,-1.57848,-1.0732,-1.20747,0.0977617,-0.635,-1.07707,-0.575534,-1.02198,0.17388,0.989946,-1.45078,-0.401094,-1.05919,-0.394668,0.863131,-1.30492,1.81417,-0.691077
0.103306,0.000683013,0.359993,0.997417,0.338515,-0.262801,1.18947,-1.09716,-1.2819,0.132079,1.76183,-0.400454,0.468607,-0.762258,1.27222,0.28973,0.417045,-1.13744,-0.608449,-2.69176,0.636928,0.793177,-0.758842,-1.87238,-0.629568,-0.363661,0.50975,0.459826,-0.573185,-0.215872,-0.374778,0.274595,0.099727,-0.966062,-1.62258,-2.05729,0.606957,-0.200167,-0.0650829,0.735645,-1.35445,-1.14409,0.99657,-0.885347,-0.174157,-0.72562,-0.476693,-1.40304,-0.212578,-0.357811,-1.56889,0.497645,-0.76227,-1.39162,-1.98937,0.540526,0.0671865,1.10498,-0.696154,-0.168509,-1.14637,0.910659,0.133265,0.43694
0.112507,-0.0547594,0.564025,-0.771937,0.926725,-1.1919,-1.39054,0.0919696,1.50496,-0.0316626,-0.137874,0.750512,-0.231581,-0.699174,-1.79458,-0.599488,1.50273,-2.07973,-1.56354,-0.770514,1.0708,0.11629,-0.067229,0.656664,-1.37855,1.19235,2.07879,-0.515575,0.585149,0.239871,-0.192109,1.22762,1.04095,-0.827038,0.28389,-1.26024,-0.136531,-0.28381,-1.96168,0.428813,1.38851,0.0188162,2.23194,0.733328,1.20961,1.52038,-0.149517,1.27297,-0.373183,0.428249,-0.276425,1.50684,-0.162935,-0.201437,-1.35419,-0.225153,-2.46939,-0.443582,-1.08627,-1.78855,-1.32954,-1.18192,-0.0138419,1.12006
-1.56898,-0.864361,0.382425,-0.193689,-0.597211,0.0946432,0.75221,0.405245,1.64573,-0.033724,1.06746,0.744521,-0.246715,-0.99605,-0.552415,0.344727,-0.829149,-1.82205,-0.972962,-0.600956,-1.36413,1.07587,1.27218,1.81983,-0.950507,-0.607431,0.0692337,1.09779,0.386791,-0.0289489,1.55367,-0.939754,0.0516473,-0.32088,-0.215328,-0.338604,-0.969409,0.263786,0.171759,-0.373551,-1.12224,0.849256,1.15604,0.901327,1.05718,0.071866,2.80326,-1.31358,0.352353,-1.34489,0.166221,0.804639,1.4016,-1.24319,0.232575,0.56536,-0.731133,-0.682298,-1.65215,-0.305582,-1.37514,1.27725,0.430449,0.296391
0.262712,-0.851942,0.352097,0.583318,-0.4469,-0.594582,1.17092,0.724821,0.341779,2.14154,-0.582518,0.530691,0.387696,1.89445,0.330849,1.29089,2.18423,-0.358804,0.11551,-0.0250198,-0.482414,-0.0474381,-1.23602,-0.461277,-0.0991425,0.813607,-1.13199,0.622534,1.59978,0.00391845,-0.569477,0.0950962,0.297748,-0.982494,-0.810733,-1.63778,-1.10777,0.448198,-0.358675,0.684173,0.338935,-0.811761,-0.284612,1.33978,0.150258,0.263677,-0.229414,-0.0942703,1.39274,1.18811,0.386016,2.04882,-0.570343,-0.610002,-0.957902,0.54967,-0.3802,-0.873954,-1.04543,1.35405,-0.115193,1.12732,-0.469435,1.31309
0.294057,0.0127281,-0.396172,1.38974,0.0494908,1.63885,1.43488,-0.83833,-0.507199,1.39196,0.822775,-0.707311,0.691639,0.863288,-0.375783,-0.0644215,0.222464,0.184714,0.580826,-0.269145,-0.631691,-0.435315,1.17876,0.273218,0.825804,-0.708772,-0.0331559,0.156319,-0.135985,0.188826,0.834757,1.86222,-0.957014,1.40014,-1.08689,-0.273581,-1.54326,0.246668,-0.196235,0.61213,-1.627,0.653959,-2.36759,0.516307,-0.565233,-0.10461,0.484679,0.678406,-0.0893738,0.0862179,0.451551,1.23439,-0.876361,-0.371994,-1.0341,-0.836903,0.2312,1.6989,0.967784,-0.805433,-0.50346,-1.01814,-0.863597,0.846996
0.35856,-1.06492,-0.643233,0.206586,0.788386,1.56523,0.156452,-0.032534,0.0428431,0.67488,0.967935,-0.196683,0.509847,-0.237505,0.058377,-0.0775912,-0.407039,2.13426,0.228332,-0.553973,-0.480583,0.638019,-1.532,-1.29461,0.508069,-0.693263,-1.67983,-0.0658703,0.408727,-1.39707,0.770796,1.11801,-0.86369,0.566948,0.346259,1.79168,-0.422907,-0.0777324,-0.49836,-0.116759,0.863653,0.41764,0.723222,-0.898455,-0.103349,0.393065,0.811952,-0.220679,1.03917,-1.21044,-0.573459,0.222296,1.82325,1.62645,-0.506561,0.647858,1.11913,0.641456,-0.484843,0.830267,0.927391,-0.589213,1.15352,0.212358
0.807714,1.59116,1.09771,-0.207226,0.452669,-0.742084,-0.379027,-0.319381,0.621393,0.90456,-0.630259,0.572789,1.59405,1.66894,-0.24167,-0.396279,-0.644285,0.180603,-1.13232,-1.11092,0.964981,-1.74062,-2.7161,0.516139,-0.0994441,-0.0538341,0.707022,-0.902022,0.752651,-2.99312,1.207,-0.0582806,0.0602938,-0.675993,0.614297,-0.344925,-0.925447,0.363956,0.470247,0.844277,-2.492,0.229274,-0.0993165,-1.91446,-0.0894352,-0.439717,0.844848,-0.447807,0.976308,-1.39423,-1.43339,0.793463,1.77455,0.784204,0.858054,0.576885,0.664263,0.0920321,-1.23765,1.05909,0.489733,-0.361576,0.43778,-0.0968375
0.0956346,-0.587165,0.2732,-0.890589,-0.237986,-0.330993,0.231381,-0.617741,1.79848,0.113627,-0.116628,1.10603,0.0400012,0.845627,0.0159297,0.10898,-0.746712,2.04213,0.730472,-0.452048,-0.0705375,0.133614,-1.95154,-0.247654,-2.05368,0.673279,-0.143427,-1.3373,-0.90615,2.26243,-1.92657,-0.927547,-0.580997,-1.7792,-0.100115,-0.133977,0.226674,-0.769337,-0.163284,-1.41391,-0.717134,-0.868865,-0.246261,2.24428,-0.759463,0.585783,-0.772448,0.373616,0.130128,0.221371,0.418795,-0.381358,-2.38749,-0.336891,-1.64366,0.849066,-0.00680932,0.991821,2.21433,-0.0463346,0.43793,0.84588,-0.624212,0.371301
-1.3581,-0.443267,-1.25167,-0.241554,0.955725,0.18853,-1.07555,-0.29022,1.23069,-1.25803,0.874045,-0.656038,0.0201511,-0.505276,-0.509115,0.603399,-2.39834,-0.09767,2.54127,0.260726,0.318126,1.83837,0.170559,0.335796,-0.970825,0.00906587,1.35947,1.8686,-1.82438,-0.357028,-0.985602,0.680854,-1.96233,0.518479,-0.510661,1.70909,0.0208888,1.14189,-0.44113,-0.491335,0.531838,0.0203743,0.394866,1.2983,0.392437,-1.20246,0.847093,-0.304191,1.78793,-1.24692,-0.95855,-1.28887,1.1645,0.581244,-0.0895063,0.182403,0.284987,-0.356039,-0.620249,0.794181,-0.539238,-0.522985,-0.171424,0.313897
-0.846874,2.3473,1.4976,0.274293,-0.0238558,1.22708,0.420138,-0.492023,1.0178,-0.867035,0.0425492,-1.37853,1.16554,-0.12863,-0.389466,1.31497,0.721174,-0.482724,0.638061,-1.03089,1.20937,-0.647293,0.291076,-1.73827,0.311681,0.124894,1.08787,-1.43965,1.10571,-1.01559,1.27867,0.435706,-2.27539,-0.114358,-0.226573,-2.513,0.740619,0.999845,-2.04548,-0.351197,1.05993,1.03948,-1.36579,0.124742,-0.870145,1.58469,0.230501,0.958939,0.123213,0.704002,1.28148,0.326389,-0.731133,-0.647287,-0.505894,-1.45323,-0.196546,0.273436,0.679653,-0.576022,1.59885,-1.00972,-2.18339,-2.05309
0.521624,-0.350444,0.24762,1.77384,2.59842,1.18896,0.976268,-2.02,-0.803343,-1.14425,1.12591,0.0178981,-1.40517,-0.235473,1.27521,-0.52796,-0.662338,1.1714,0.503256,0.468694,-0.384861,-0.397437,0.51595,1.03633,1.21471,-0.673778,-0.800994,-0.321119,1.49542,0.43804,2.49865,-0.0994595,-0.0388941,0.537889,1.52674,0.614928,3.08956,0.506812,0.490918,0.674959,-1.09235,0.883912,-1.41019,-1.1628,0.37267,-0.693231,1.73874,0.653503,0.0788515,-0.888744,-0.0780738,-0.164062,0.434035,-0.0493441,-0.210764,-0.935822,-0.884655,-0.223689,0.625653,-0.839094,-0.535142,-1.10624,1.64407,-0.251125
0.75748,-0.0123594,1.97276,0.850708,-0.470349,-0.558246,0.0467902,-1.14264,-0.0119995,-0.94181,1.73469,1.52682,-0.653605,-0.00666623,1.95937,-0.51215,0.134889,-1.24532,0.63745,-0.155303,-0.753522,0.290085,-1.4192,-1.4073,-0.421206,-0.124571,1.16366,1.97262,-0.814787,-1.0472,0.242399,-1.62755,-0.911244,-1.75858,-0.875208,1.60829,-1.03691,-0.413959,-1.19023,0.653401,1.20813,-0.211342,0.191623,-1.86509,0.188604,1.88825,-0.769236,-0.761406,1.19986,2.09476,1.05262,0.338627,0.400437,0.0625445,-0.526933,-0.866883,0.347959,-0.997635,0.775323,0.514112,-0.653458,-0.82709,-1.28185,-0.138303
-1.89152,-0.348577,-0.689456,0.123323,0.926464,0.00988539,0.19802,-0.657841,-0.00211358,-0.730968,0.344435,0.432504,0.735027,0.438957,1.04126,-0.140625,-0.2661,-0.273503,0.990426,-1.47464,0.176898,0.617096,1.04126,-0.271366,1.41365,-0.605713,-0.228928,0.0611724,0.70614,-0.149174,1.13803,1.42756,0.912266,-1.14886,-1.82347,-2.09881,1.33897,-0.123049,1.13113,0.650011,-0.119443,-0.211527,-0.836177,0.244603,-0.328638,0.281222,1.15758,-1.93149,0.981811,-0.450323,-0.308912,0.771133,-0.599186,-0.913856,-0.555889,0.461502,0.206095,0.28585,-1.0147,-0.4681,-1.20296,-1.51819,-1.67368,1.05288
-0.493372,2.03141,0.120563,-0.266672,1.13701,1.59154,-0.992385,0.175848,-1.63568,0.567116,-0.333402,-0.888605,0.835228,0.138192,-0.218148,0.0989221,0.955265,-2.18764,-0.31712,-2.67822,-1.56204,-1.18952,-0.125843,1.11896,0.391394,-2.08065,-1.25504,1.45301,-0.250188,-0.198804,0.665232,1.54029,-1.69912,-0.242679,-0.763954,1.52686,0.191995,-0.00567167,-1.44113,-0.341523,-1.35642,1.32378,-2.23798,1.11239,-0.383905,-0.248086,-1.9666,-0.210132,1.97868,-1.09196,-0.675699,0.0552845,-0.467056,-0.619706,0.625908,-1.27023,0.664845,-0.182245,-0.366856,1.40206,0.731646,-1.23511,0.31707,-1.30471
0.461652,0.41324,1.48259,1.46421,0.198718,-0.229198,-0.161294,0.792068,0.116662,-0.835099,-0.421472,1.34773,0.411314,-1.40413,-1.19237,-0.0511398,0.566857,-1.24789,1.04338,0.0838159,-0.918814,-2.4248,-0.479184,-0.797623,0.11524,-0.0937063,-1.72409,0.408788,0.752681,1.5227,0.422862,-0.677742,-1.34752,1.11183,0.0478765,1.13513,-0.300635,-0.837368,0.303014,0.271093,-1.59794,-0.473923,0.71041,-0.0476641,1.79637,0.659253,-0.497648,1.11122,-0.33149,0.227071,0.575724,0.409692,-0.235854,-1.67371,-0.035451,-0.286528,-0.0689397,0.326334,-1.25931,1.65366,0.234328,0.0076479,-0.842072,-0.0101126
-0.561106,-0.200472,0.00541532,0.916219,-0.851264,0.507108,-1.94787,-0.869174,-0.634844,1.54519,1.13478,-0.596309,-0.158922,-0.922016,1.29776,-0.405318,0.0054614,-0.746306,-0.433555,-0.12731,-0.564218,0.338573,0.969014,-1.66689,1.12729,-1.4777,0.00561536,1.94122,0.47617,0.31956,-1.94957,-0.188964,0.311308,-2.08396,0.670075,-0.511495,-1.00029,0.0242503,-0.531766,-0.771901,-0.45401,-1.08194,1.23329,0.786398,0.436826,-0.138974,-0.995215,-1.19848,-2.19797,-1.66618,-0.647942,0.280406,-1.76829,-1.90419,0.548599,-0.714024,-0.702307,-2.87522,-0.427855,-0.901102,0.221136,0.490694,0.0176571,1.23626
0.232005,0.433919,-1.18006,0.424046,0.0125083,-0.0989682,-0.237701,0.540156,0.118091,-0.915108,0.247854,-1.98673,1.86064,-0.0921709,-0.645763,1.47419,0.651346,-0.375153,0.683498,-2.1192,0.208348,0.338587,0.106967,1.31476,-0.913887,0.251537,-1.00985,-0.511703,-0.429374,-0.179076,-0.490936,1.29731,1.68714,-0.0697971,-0.197298,-1.59451,-0.406439,2.83154,-0.0382702,1.47475,0.04086,-0.49899,1.15779,-0.770247,-1.77586,-0.862284,0.686069,2.2215,-0.634878,0.60815,0.097781,-1.2945,0.885557,1.98116,1.01605,1.27189,-0.63904,1.57613,-1.03873,1.95996,-0.764045,1.80649,1.16184,1.62011
1.1088,-1.97933,0.347039,1.56596,-0.447203,-0.667853,-0.922031,-2.47666,1.74584,0.274018,0.302718,0.142155,-0.444854,-0.225737,-0.194166,1.41417,0.960398,0.420675,0.942634,-0.728643,1.23235,-1.20066,2.49317,1.32606,0.230411,0.930763,-0.741142,2.34958,-0.810202,1.92822,-1.76388,1.44462,0.111944,2.405,-0.0350529,-1.56484,0.39776,-0.819726,-0.475975,0.650301,-0.0830139,-0.0727195,-1.05926,1.74975,0.0704381,-0.279913,-0.428551,-0.351998,0.829665,-0.439071,-0.422633,-0.148373,2.05434,0.118654,-1.17456,-1.20538,0.401081,0.733473,1.78191,-0.604548,-1.28604,0.532344,-0.340097,1.51955
-0.317176,-0.0674989,0.168645,0.00542362,1.09295,0.190541,0.774023,1.81911,-0.392541,0.513722,0.595026,-0.385376,0.262586,-1.55689,-1.08419,-0.206134,0.562091,0.266624,-0.333367,-0.855391,-0.570125,-1.67509,0.676276,1.00503,1.13784,0.321093,0.0496113,-0.681567,1.28961,0.0409785,1.9388,0.135262,-0.184759,-0.274961,1.07187,2.05973,-1.28366,0.128867,-0.0251588,-0.575261,0.36344,-1.23948,0.732485,1.55078,-0.0732882,-1.99174,0.565093,-0.93593,0.857209,-0.038479,1.38436,0.864981,1.29086,-2.85876,0.649958,-1.85727,0.105317,2.08379,1.81367,-1.32886,-0.809842,0.621482,-0.769416,-0.532656
0.0788198,-0.52726,-0.114511,0.230001,0.749727,-1.61614,0.405807,-1.21189,-2.40237,2.62782,1.45715,1.00698,-0.650614,0.824914,0.95875,-0.279894,-0.173984,0.993743,0.124395,-1.81565,0.256701,1.41965,1.10061,-0.540655,-0.339695,-0.465119,-0.153243,0.0559447,0.434724,2.10642,-1.44162,1.641,0.645183,-1.16122,0.460083,0.567398,1.30168,0.180578,1.24518,0.179239,1.02184,0.768101,0.232532,-0.553477,-1.00083,-0.86781,0.333894,0.667599,-0.531349,1.15214,0.00344834,-0.824486,-1.39393,-1.47182,-1.99509,1.48096,1.48246,1.63691,-0.207059,-1.4684,0.116399,0.23649,1.38904,0.272038
0.00183463,-0.682239,0.924855,-0.0978154,-0.308165,0.684583,-1.02948,-0.0402739,-0.565529,1.08913,-0.39178,-1.89205,-0.543205,0.651214,1.10952,0.086105,0.151786,1.91118,-0.824245,-0.204161,-0.120616,0.621789,-0.63722,0.630305,-0.0604746,-0.206923,-0.932983,-1.78174,0.520908,-0.911627,0.434804,1.01939,-0.318953,-0.488528,0.00884017,-0.706401,-0.407908,1.20933,-1.10958,-1.30517,-0.556943,-0.555957,0.656755,1.06252,-0.902569,0.654325,0.875706,0.836493,-0.0236207,-1.36928,-0.71792,-0.487336,-0.588024,-0.575075,0.485945,0.248496,-0.0881521,-0.297136,0.412732,-1.22514,1.74596,0.229769,-0.0189858,0.892407
0.0757064,-0.628835,1.58628,0.521798,1.08832,-0.709232,0.715206,0.457638,0.0755613,-1.56317,0.433037,-0.0249945,0.276001,0.581818,-0.860535,-0.214495,0.0639352,0.995014,-0.826362,1.79111,1.0816,-0.738036,-0.247494,1.1961,0.695282,-0.418373,-0.0366007,-0.486031,-0.247401,-1.55866,0.185269,-0.307207,0.106532,-0.14205,-1.1257,0.559755,-0.697362,0.364754,1.34829,-0.517409,-0.560264,0.0289235,0.241873,-0.227032,1.75437,-0.556897,0.0810406,1.03701,0.793685,-1.00423,0.638627,0.201315,-1.12999,-0.681068,1.1986,-1.33894,0.140071,-0.366634,-0.944395,-1.14054,1.4157,1.0791,1.08278,-0.130534
1.26682,1.68605,-0.960653,-0.977807,-0.153546,-0.408299,0.0274514,0.284762,1.23744,0.898908,0.700526,-1.43082,0.47426,-1.2096,-0.996754,0.646385,0.485067,1.09138,-0.65342,0.448005,-0.310386,-0.31023,-0.524305,0.505884,-0.189148,-1.22357,-0.359083,1.3733,0.496167,-0.0092126,0.431644,-1.00863,-0.143138,0.514399,0.279085,-0.541985,0.450966,-1.31272,-0.298473,0.19838,-1.28444,0.0648621,1.30517,-0.434199,-1.52008,-0.933009,1.20078,0.192604,-1.08542,0.0980888,-2.07793,1.18873,-0.299829,-0.52884,-0.722116,0.0453732,0.278549,-1.12162,-0.145316,-0.465524,-1.95758,0.580506,0.244855,-1.25065
0.672867,0.452933,-1.12004,0.364651,-0.39875,-1.10198,1.56645,0.354567,-0.571663,1.1033,-1.57215,0.178711,0.670463,1.28228,-1.66417,-0.797116,-1.11349,0.728916,-1.39659,0.222143,0.416995,-1.12084,0.244934,-0.722713,-0.0529275,-0.576897,0.735973,-0.542262,-0.870122,0.179582,1.3453,0.976179,-1.67019,-0.65859,0.233316,-0.902739,0.12175,-0.67143,0.0626826,0.17866,1.36431,0.253231,-0.480206,-0.41884,-1.9179,0.438888,1.76103,-0.449131,-1.33447,1.33857,-0.393038,-0.816811,2.0327,-0.565994,-1.17836,-0.808072,-2.00049,1.99326,0.773828,1.65244,0.507544,1.64366,1.89071,-2.31377
0.846132,0.215159,-1.07183,0.474943,-0.783455,-1.05674,1.0773,-0.9286,0.468914,-0.501015,-0.602427,-1.60181,-0.232904,0.214891,2.29096,-0.755944,-1.24656,-0.37565,0.0228267,0.392267,1.08723,0.366003,1.23315,0.20958,-0.961213,-0.968998,-1.98861,0.839175,-0.149711,-0.617466,-0.499152,1.14252,0.939064,-0.903794,-0.223676,-0.630449,0.327428,1.47859,-0.606921,0.785505,1.35931,-0.49059,-0.583083,0.0201825,2.16865,1.64751,-0.422593,0.83309,0.0662655,2.00015,-0.0889111,-0.837384,0.906533,-0.53642,-1.13953,0.110725,2.13864,-0.483799,1.54017,-0.643133,1.15371,0.508313,-0.843432,-0.559376
-0.449844,0.0432419,0.77582,0.639998,-1.21817,0.69834,0.0763836,-0.128117,-0.178275,0.461877,0.819369,0.957173,-1.74244,1.03431,0.3641,-0.0170044,0.216777,-1.35767,-0.184861,-0.314724,-0.36163,-1.04374,0.404593,-1.17635,-0.613818,-1.672,0.588524,-0.221804,1.35626,-0.257883,0.197559,1.22541,0.290627,0.427185,0.198925,0.101913,-2.18609,0.136432,0.966486,-0.372316,-1.21847,-0.426318,-0.325341,0.16063,-0.513827,0.050813,0.611751,-1.40606,0.185482,-0.391277,-1.1861,-1.78607,-2.77618,-0.28476,1.12613,0.793781,0.889464,-0.393242,-0.638931,0.237657,1.0632,1.1898,-0.798192,-0.437723
2.152,-0.770814,-0.0662879,1.05457,0.32113,0.0197521,-0.183823,-0.373164,-0.145117,0.553051,-0.816913,1.19401,1.93003,-1.46629,0.683582,0.280652,0.16493,0.47913,0.504816,-0.92295,0.016516,-0.0757777,-0.835388,-0.174021,-0.246875,1.04501,0.272374,-0.325677,-0.0175515,-0.0893246,-0.615555,-1.27703,0.88226,1.91614,-0.943425,0.516234,-0.131067,0.0536177,-0.387742,-1.15516,0.880605,0.519046,0.233674,1.68546,-0.932317,-0.298346,-0.24078,0.596669,2.26536,0.567818,-1.22106,0.0921838,-1.83077,-0.86924,0.990117,-0.0599126,-0.946374,0.297493,-0.311104,-1.31663,-0.977168,-0.588708,1.93722,-1.03308
0.703313,-0.85426,-0.46705,0.268072,-0.434867,0.501729,-0.255501,-0.793541,-0.479705,0.0383158,-0.525024,-0.280874,-0.85171,-0.132012,0.558315,1.72266,-1.85215,0.31145,0.365882,-1.36183,0.553161,0.249247,-0.38191,1.55576,0.238798,-0.775011,0.15927,2.18977,-0.960351,-2.04058,-0.522326,0.140618,0.146705,-0.0520829,1.11721,-0.587497,1.64371,1.2162,-3.25528,-0.54742,-0.537759,-0.529752,-1.06516,1.78392,-0.826358,-0.279608,0.666548,0.547883,0.428751,0.681527,0.465663,-0.392344,1.31957,-0.66404,0.807013,1.14641,-1.50175,-0.171555,-1.26582,-0.977152,1.89162,0.860551,-0.0585857,-1.13137
0.369448,-0.498193,-1.21588,0.285104,-0.617484,0.522964,0.175018,2.15069,-2.26391,0.283654,-0.0236749,-0.404392,0.45205,-0.575029,0.955191,0.568489,1.79209,-0.694803,-0.331682,-0.938623,-0.246725,2.56718,0.527592,-0.0567661,-2.02335,-1.7322,-1.52633,0.804978,-1.05585,0.170418,0.153208,-0.600312,-0.639701,0.147122,-0.63088,0.354566,0.709982,-1.09313,-0.561415,-1.12932,0.961384,0.997776,1.29157,1.35225,0.111393,0.827353,-1.20182,0.479876,0.830553,0.46549,0.690315,-0.73948,0.0255983,0.747138,-0.146551,-1.17687,-0.117162,0.219514,-0.471133,0.208212,-1.29172,0.561866,-1.02129,-0.194494
-0.934086,-0.62059,0.675919,-0.257045,-1.07024,3.23004,-2.0349,1.0913,-0.317334,1.11869,-0.0406005,-0.212197,-0.8038,0.15105,0.187823,0.418459,0.246564,-1.4917,-0.50742,0.402594,-0.446301,-1.34846,-1.10551,0.763211,-0.0507168,-1.85676,-0.0259238,-1.84238,0.6534,0.171052,0.408294,-0.502557,0.0110796,-0.0114323,0.519849,-0.604716,-0.9602,0.524247,0.536154,-2.24696,0.879052,-0.29431,0.0831727,-0.997134,-1.15741,1.20936,-0.809083,-0.771978,-0.292992,-0.953801,-1.18942,-1.81092,1.58127,-0.673538,-0.270016,-1.20294,-1.764,-0.686891,0.24777,0.543543,-0.18927,0.219465,1.74374,-0.831904
0.766586,-0.301882,-0.259951,0.728289,0.724961,-0.600856,1.29937,0.719653,-0.816497,-0.276213,0.505954,-1.04695,-0.394205,-0.0543155,0.0821675,-2.34124,0.495687,0.384432,0.0529121,-0.538648,0.614281,-1.16072,-1.06625,0.641683,1.75896,2.67987,-0.596456,1.47984,0.115413,-0.307024,0.755352,-0.878014,0.0620373,-0.847918,0.796271,-0.552632,1.65062,-1.18064,-0.378298,2.88581,0.782403,-1.24512,1.51966,2.18189,-0.881604,-0.682328,-0.131086,1.69636,2.0324,0.0351952,1.18323,0.297447,1.27819,-1.41663,-2.40687,1.21489,-0.733694,0.416745,0.680912,-0.897361,-1.28187,-0.583456,-0.920697,0.973673
-1.21841,-0.778425,0.215171,-1.25261,-0.0502696,-1.0982,-0.509236,-0.837757,0.94413,0.118502,-1.30034,-0.0594265,1.32383,0.853626,-1.38224,0.593703,-0.403552,-2.20547,0.794121,-0.315737,-1.23098,-2.27358,0.173408,-1.18139,-0.0550095,-0.328477,-0.0811881,1.04902,-0.933008,-0.892299,0.726793,1.4409,-0.597074,1.74112,-0.596644,-0.218091,-1.58046,-1.41643,-0.339019,1.16771,1.6471,-0.479011,-0.845515,-0.330288,-0.187108,-0.975314,0.186929,-0.380751,-0.271814,0.435676,1.17305,2.00612,1.06248,-1.63596,-1.60421,0.945387,-1.53889,-0.286756,-0.167054,-0.279532,-0.676785,-1.19487,-0.504812,0.625498
0.473007,-0.30426,0.42518,-1.54306,1.05878,-1.1188,1.3999,-0.602424,-1.07105,0.638107,1.94513,1.75327,0.595101,-1.52717,-0.263186,-0.801298,-0.649989,0.146866,-1.5179,-0.785242,1.79045,-0.443517,-0.611692,1.596,-0.721385,-0.555468,-0.484467,1.54588,1.02606,-0.10153,0.364482,-0.0949702,1.03796,0.4989,1.71757,0.17331,0.0619484,0.0309221,0.563517,-2.35376,0.499131,-1.67429,1.15249,-0.693799,-0.845195,0.575105,-0.0168767,-1.14961,0.454471,-1.66353,-0.679656,-0.553708,-0.656664,-0.918003,-0.237248,0.748327,0.783462,-0.0777156,-1.17253,1.00226,0.983273,-0.280158,-0.809528,-0.0949789
-1.01529,1.10022,-0.304491,0.129912,-0.260384,-1.03059,-0.666615,0.150698,-0.34961,-0.199877,0.725561,0.30789,1.17083,-0.0717904,-0.527011,-0.867014,0.595567,0.0285786,0.470503,0.922117,0.0639073,-1.19735,0.407443,-0.628342,0.197146,2.3883,-0.479959,0.861001,1.46784,-0.358745,0.770697,-0.736614,0.698837,-0.338284,-1.17466,-0.813888,-0.508515,-0.850101,-1.03399,0.0444147,0.639724,0.0832661,-0.112639,-0.781971,0.297067,0.319954,-0.526338,0.273717,0.221086,-0.396503,-0.125785,-0.0351952,0.731521,-1.52316,-0.317259,0.375215,-1.00424,-0.00784108,-0.280667,0.00501027,-2.23249,-1.01685,0.49126,0.294359
-1.03356,-0.186272,-1.64001,-0.629072,-0.691519,-0.513535,0.970318,-0.612434,0.314764,-1.88686,0.670475,0.71614,1.59698,0.587649,-0.213068,2.06009,0.555641,-0.936789,-0.0501023,0.0671549,0.734402,0.960462,-1.9224,-1.80523,0.231296,-1.05732,0.934842,-0.943834,-0.879785,0.525263,-0.738032,-0.17552,-0.0332795,1.0363,-1.37504,-0.196832,-0.857449,-0.224549,0.198517,1.20951,-0.514518,1.78123,-0.62614,-0.303614,0.936429,-1.38678,-1.44571,-0.0312069,0.081597,-0.319852,-0.30622,1.04376,-1.06031,-0.154459,-0.952268,-0.181184,0.273836,0.814643,0.219833,-0.372775,-0.749916,1.48805,0.15656,-0.225798
0.332049,-0.355729,1.85925,1.82599,0.245395,-0.603086,-0.414718,0.270513,-0.774291,-0.205963,0.0798024,-0.997995,-0.725885,0.290969,0.657493,-0.575087,-0.368037,0.872388,0.638855,-2.56315,-0.00268443,0.739759,1.07857,0.509148,-0.93704,-0.310177,1.35167,-0.428527,-1.24232,1.30883,-0.398826,-0.596667,-0.250268,-0.667559,0.263523,1.98735,-1.00118,0.920932,0.948145,-0.249222,-0.353025,-0.158698,-0.493039,0.682327,0.732357,-1.37017,1.29152,1.33071,0.397726,-1.3046,0.690465,1.55195,-0.941484,-0.9027,0.660918,0.125089,-0.206744,1.38753,-0.277292,0.481261,0.0755755,1.8944,-1.08487,-0.186684
-0.696336,-0.463541,0.0422342,0.0952384,-0.69778,-0.161455,1.41302,-0.844002,-0.612204,0.0167342,0.405281,-0.0219152,-0.192061,0.21361,-1.28788,-0.510652,0.111882,-0.702702,-0.912534,-1.8537,0.0931609,-0.761315,-2.66358,0.096716,-0.829933,-0.701128,0.131757,0.142473,0.60016,0.493326,-0.518336,-2.17545,0.580846,-1.44401,0.645961,-0.374277,-0.631863,-2.48544,0.0343504,-1.15412,1.01058,0.513175,-1.24431,0.793239,-1.76671,0.979759,-1.96461,-0.285822,-0.590597,-0.824281,0.461187,-0.136283,0.897752,-0.173865,-1.2222,-0.460105,0.997023,-0.89775,-0.466315,1.21036,0.220512,0.610512,-0.939265,-0.343741
-0.208303,0.365539,0.754683,0.151768,0.715612,1.03431,-0.250483,0.549647,-0.10115,1.54767,0.252179,-0.982316,0.264986,1.04269,-0.592714,0.392981,-1.41378,0.644683,0.0147105,1.27054,-0.0393314,0.056041,0.135526,-1.03601,0.610597,-0.356545,2.09005,-0.761275,0.676254,-0.446745,0.0109661,-3.38506,0.0521943,0.318153,0.100184,-0.0232428,-2.93926,-1.12342,-0.0333721,-0.286677,-2.08025,-0.651382,1.85741,-0.205946,0.379829,1.74291,-1.3613,0.1467,0.292001,-0.0454957,0.931835,-1.90848,-0.314037,-0.0354699,0.866998,-0.622214,-0.160623,0.0478676,-0.0981082,1.68887,0.119002,-0.461603,-1.24275,0.372691
0.704049,0.756834,-0.458749,-0.10394,2.13234,-0.172641,1.08776,-1.03436,1.17525,0.618643,0.200092,-0.677493,-0.0667714,-0.000669109,0.126387,0.306581,2.22885,-0.440237,-0.0172076,-0.20434,-0.707423,-0.814228,2.22533,-0.811727,0.444449,-0.353163,0.741521,-0.175534,1.91742,-1.1136,-0.863404,1.1352,-1.30173,-0.274285,-0.515467,0.123463,0.366531,-0.426732,-0.649738,0.75456,2.54948,0.844575,0.269439,-1.17999,-0.265542,0.098172,0.0040222,-1.54331,-0.650589,-0.947171,0.181866,-1.15188,-0.759416,1.13592,-0.663041,-0.949292,-0.304905,0.288586,2.78729,0.755044,0.0707712,0.252221,0.598496,0.547152
-1.65979,-0.399076,0.538235,1.64036,1.2063,0.610396,-0.0730056,0.510551,-0.569135,1.34648,-1.09587,1.09313,0.506394,-0.620933,0.919399,0.273917,0.379956,-0.778753,-1.50589,-0.375703,-0.763514,1.77509,1.67891,1.25831,-0.657699,1.99202,1.19274,-0.812427,0.135383,-0.780467,1.29019,0.18668,-0.13035,-0.196023,-0.425325,-1.05504,0.109892,0.831054,0.854331,-1.21119,-0.603466,-1.49369,0.128726,1.54521,-0.864,-1.15439,-0.91767,0.779907,-0.51384,0.484628,0.150762,1.99677,0.238061,-1.22047,0.190264,0.459259,-0.275622,-1.75764,-0.887619,1.09134,0.877542,-0.574006,1.2169,0.118586
-0.367891,-0.209538,-0.697945,0.293456,-0.595015,0.414502,-1.62754,-0.294123,-0.126937,-0.168287,-0.610794,-0.225542,-0.36315,-0.997603,0.696622,0.200599,-0.33868,1.11261,-0.25273,0.424635,0.841612,3.05927,0.628822,0.22256,-1.78442,0.363189,-0.0793372,0.23102,0.599185,-0.932904,-0.0112657,-1.18075,1.83588,0.314652,-0.807687,-0.0341152,1.86682,1.19459,-0.550539,-1.04564,-0.836537,-0.0896344,-0.256896,-0.557661,1.74915,-0.493561,0.424359,0.34514,1.03437,-0.332097,-1.81554,-1.78803,-0.894805,0.665115,0.808035,0.543351,0.398931,-1.92282,0.130646,-1.25806,1.8508,-1.23198,0.527926,-0.870725
0.637096,-0.30602,-0.775267,-0.283912,1.5446,-2.13576,0.30387,0.524141,-0.197826,-0.905804,-1.16179,1.35693,-0.316966,-0.159025,0.210363,-0.617342,0.645686,-0.815779,-0.219266,-0.876612,-0.503419,0.473122,0.563077,0.319615,2.09408,1.71668,0.927086,-1.52509,-0.493562,-1.689,1.47805,0.205934,-0.169955,-1.39858,0.380703,1.08393,-2.01007,1.604,-0.506844,-0.98825,1.10632,-0.590592,0.200151,-1.04883,-0.949999,1.59778,0.730782,-0.40326,0.756374,1.77862,-0.879046,-0.271265,-0.413423,-0.241733,-0.226878,-2.73765,-0.550494,-0.135116,-0.0611081,-1.34854,0.104803,0.0384981,-0.721622,0.0179471
-0.116604,-0.152288,0.907285,-0.581562,-0.483956,-1.25499,0.844194,-0.0110327,0.583538,0.246582,-0.447245,0.072767,-1.65619,-0.156263,-0.869305,-0.0249437,0.510001,-0.566395,-0.511456,-1.26487,0.672193,0.254725,0.32731,0.224306,-1.00763,0.273622,-0.489683,-0.870237,-0.27322,-1.02476,-0.788585,-0.292718,0.729072,1.77271,-1.88748,0.50361,0.142177,1.32519,1.15053,0.831266,-1.21642,-1.39507,0.220296,-0.548053,0.104934,-0.568907,0.466898,0.0685441,0.33161,-1.50166,-0.046496,0.486984,0.024615,-0.372108,-1.39169,-0.620587,-0.579592,-1.82205,-1.9205,-0.424519,0.19114,-0.162478,0.414831,-0.954436
-0.815928,-1.14087,-0.248573,1.3998,0.0555965,0.00291344,0.720538,-0.679166,-1.38761,0.128859,1.30118,0.100941,1.4655,0.149606,0.097973,1.4759,0.405084,0.651589,-0.482592,-0.0611166,-0.54726,-0.665166,0.841178,-1.54818,1.59713,-1.90957,0.328824,0.894725,-0.846033,0.728828,0.17945,0.791901,1.53896,-0.340106,-0.993762,-1.17072,1.29392,0.822517,1.68598,-0.0867703,1.7182,0.0488753,0.868302,0.720018,0.182312,0.460548,1.49668,-1.01203,0.0844018,2.29081,0.416152,1.34588,0.610529,-0.940883,0.528257,-0.366258,-1.80378,1.49048,0.595202,1.00292,1.21449,0.816594,-0.399635,-0.498813
0.0577465,-0.810308,-0.316442,-0.51668,0.0714683,-0.96909,0.94675,-1.47116,0.247849,1.85971,-1.33174,1.31481,1.36985,0.443157,1.61917,0.123879,1.25128,2.55763,-0.0888158,0.037848,-1.87301,-0.380236,-0.54053,-0.951777,-0.105581,0.432894,-0.21241,0.330561,0.816689,-0.332791,1.63079,1.58125,0.753295,1.05304,-1.91886,-0.426919,-0.697712,-1.14094,0.274166,-1.71542,-0.908556,0.252611,1.80579,0.27725,-0.766629,-0.706425,-0.363524,-3.04511,0.666253,-0.237686,0.454758,-0.0477552,0.884315,0.57831,-1.28405,0.0584628,-1.12513,-0.36188,-0.112222,0.549899,0.348215,-0.79776,-1.05724,1.28573
-1.27722,-1.6838,1.78772,-0.676444,0.0432669,-1.35348,0.265157,-0.395222,0.133076,-0.264631,-0.545664,-0.790753,-0.754128,0.767954,1.54249,-1.47782,-0.0577039,-0.0444297,0.0491473,0.352999,-1.41462,1.14654,-0.119686,0.103727,-0.737849,0.358196,1.05658,1.73201,-1.13344,-0.664532,-0.365563,-2.16246,0.498744,0.0690927,1.59714,-0.326167,1.14021,0.0886621,1.13937,0.675827,-0.253055,0.180455,-0.99282,-0.291292,-0.525634,1.00112,-0.89333,1.27126,0.436513,0.703599,-1.01789,-0.139186,-1.50872,1.23065,-0.481737,-0.619239,1.08067,0.39829,0.763264,-0.534322,0.0418983,-0.831811,-1.22078,-0.844398
2.16042,0.179029,1.19859,-0.0893237,-0.0431534,1.13433,0.793459,1.66065,0.184624,0.433106,1.78503,-1.21851,-1.03777,-0.115962,0.185694,-0.735183,-0.260127,0.259306,0.0761597,-1.07854,0.29117,-0.423949,1.07561,-0.690427,0.60558,-0.724258,-1.1524,-0.715259,1.07441,-1.29123,0.625648,0.178549,0.356712,0.612582,0.0796626,-1.46877,1.48925,-1.04298,2.2426,-1.34186,0.792419,1.00249,0.141499,-0.0730656,-0.766588,0.28595,0.861902,-1.10663,-0.131759,0.176785,-1.12529,1.60053,1.27424,-0.129287,1.25802,1.66975,-0.597775,1.17261,-0.625844,-0.471108,0.417682,1.37644,-1.23069,-0.434073
1.4117,-1.17061,0.0114267,1.22598,-0.195965,-1.46486,2.35901,-1.81137,0.39759,-0.00430125,-0.486374,0.148655,1.02672,1.32659,0.780241,-0.684156,1.30845,0.635223,1.58282,0.563024,0.842936,0.13184,-0.0909856,-0.976153,-0.461439,0.450725,0.543454,1.5274,-1.92657,0.283331,-0.590155,-0.0497853,-0.937324,0.256161,0.149796,1.02245,1.81052,0.171936,-0.925739,1.57684,1.60386,-1.39324,0.953178,0.0526422,-0.886499,0.780393,0.670527,-0.982439,0.535538,1.1557,1.72676,0.643165,0.196863,0.138184,1.39627,-0.859807,1.1431,-0.0440943,0.991205,-1.70638,-1.45141,0.650468,-0.6806,-0.449441
0.436627,-1.48558,1.53362,0.08886,1.75823,0.591449,0.817114,-2.28379,-0.724689,-1.30812,-0.803304,0.903995,-0.789468,-0.94087,-0.0679042,-2.37753,1.69487,0.191589,-0.0247687,0.030635,0.230275,-1.3189,-0.720571,0.0358839,0.480503,0.885653,0.363541,-1.0597,0.852142,-0.335474,0.021562,-0.551365,0.101828,1.29655,1.06716,-0.169667,0.139332,-0.550823,-0.872008,-0.423194,0.0742946,1.66617,2.08758,0.553245,-0.77284,0.361292,1.95542,0.798837,1.30158,-1.21793,-0.098962,0.0225657,-1.27765,-0.0492762,-0.31931,0.546932,-0.775297,-0.685283,0.906569,-0.613775,-1.45379,-0.571291,1.77519,-0.403844
0.584972,0.510687,-0.136705,-0.264302,1.53011,-0.153351,0.530002,0.271376,0.339773,0.95773,-0.032689,-1.17531,0.160291,-0.540877,1.11176,0.209225,-1.58134,0.330565,-2.10343,0.919665,-0.456075,0.892609,-0.260238,0.340629,-0.885785,-1.19965,-0.444822,1.274,-0.974344,-0.592244,-0.509001,0.147043,0.177598,-0.0746913,2.57419,-0.2293,0.232605,-1.81203,-2.15232,-0.540882,-0.41531,0.452264,1.41733,-0.113543,-0.266869,-0.19119,-0.192995,1.07116,-1.23855,0.290552,0.899969,-0.559344,2.15163,-0.0550508,0.476758,-0.484218,-1.5694,-1.35638,-1.58332,1.69597,0.370499,1.99443,1.38504,-0.256571
0.924329,-0.63166,-0.0239152,-0.45112,0.144904,-1.41982,-1.73922,0.949094,0.399637,-3.30792,-0.887097,0.501695,-1.61631,-0.717251,0.0408402,1.6222,1.13319,0.579609,-1.748,-0.274726,-0.801728,-0.154464,-0.138423,2.17756,-1.68677,-1.34994,1.3054,-0.860223,0.871767,-0.710398,-0.803149,-1.01447,-0.89192,0.128248,-0.246737,0.271736,-0.757851,1.8633,-0.897111,-0.843011,-1.16371,0.576783,0.519449,-1.41409,0.753422,-0.948148,-0.322366,-0.451943,0.56918,0.50976,0.759081,-0.927047,-0.133018,0.26672,-1.34178,0.882469,-0.219998,1.65179,1.71589,-0.0875693,-0.228123,-0.408292,0.559665,0.403779
1.97598,0.976427,-1.14778,-0.182873,1.87533,0.954156,2.03233,-1.50995,1.72226,0.365079,-0.438759,-0.0587648,1.30627,0.46187,-0.445501,0.579334,0.139004,0.120549,-0.51185,-0.999389,1.10378,1.24104,-0.0810952,0.198541,1.75066,0.928603,-0.372672,-0.0971227,0.844088,0.725279,0.94893,-1.78762,-1.04431,-0.391974,2.57531,-1.25009,-1.33085,-0.793302,-0.529913,0.318032,-0.0493442,-0.659035,-0.185286,-0.507629,-0.0176166,1.5883,-1.06191,1.97929,1.48356,-0.190421,0.0338486,-0.735983,-0.252807,-0.34951,-0.0517445,-0.724749,-0.348912,-0.236686,1.75906,-0.715538,0.525952,-0.868018,-1.32976,-1.54889
1.74208,1.47781,0.547926,0.260392,2.66387,-1.48983,0.755258,-0.443822,-0.744032,0.504419,0.155653,-1.92521,-0.165615,-0.480103,-0.845016,0.129013,1.28704,0.0347273,1.08834,0.508609,-0.123025,0.31523,-0.856708,0.0780804,1.54894,-0.729638,-1.06282,1.44234,1.48709,-0.952629,0.0941014,1.63447,-0.527429,-0.359345,-0.996987,1.94247,1.03781,1.54364,-1.29445,-0.413773,-1.42752,0.407358,-0.0610394,0.0847295,1.16363,-0.433037,0.727677,1.71727,0.0193207,0.416541,0.891152,1.06231,-2.19794,-0.189134,-0.0888606,0.736777,1.67583,-0.412797,0.422287,0.111372,-0.214676,-0.0999216,-0.634401,1.00629
-0.0564126,1.05311,-0.608131,0.935639,2.1222,-0.279751,-1.92722,0.624143,-0.244566,0.572333,-0.0155551,1.07632,-0.0693368,0.375173,0.25807,-0.0143354,0.70617,0.443685,0.0300591,0.567331,0.421992,-1.20107,-0.167177,1.76414,-2.76028,-0.729966,0.598677,1.55209,-0.573212,0.168071,-0.187112,0.454673,1.02968,1.65308,-0.62487,0.116735,1.01225,1.71918,-0.17716,0.43724,1.74436,-0.385876,-0.0286021,1.10047,-0.545466,-0.6258,0.322106,1.50999,-0.192838,-1.77498,0.568436,-0.764756,0.0683929,1.03106,1.01284,-0.234011,1.00068,-0.928027,-0.218214,-0.11953,-0.352135,0.386631,0.971025,0.327786
-0.567047,-0.822391,-0.371188,-0.286101,0.586809,0.534763,-0.469074,1.95675,-0.073787,0.261182,0.221687,-0.208056,0.732696,-1.98056,-0.340614,-0.473892,0.722227,-1.21551,0.108548,-0.973975,-0.433732,1.08622,-0.669608,0.769064,-0.864055,-0.582116,0.683137,0.911415,-0.860894,-1.40808,1.07611,0.658446,-0.0966527,-0.470355,-0.347054,0.214172,0.00363192,-0.0515006,-1.57503,0.590557,-2.55151,-0.5444,-1.05154,0.0976926,-1.31686,0.628345,-0.285126,2.3994,-0.854178,-0.905735,-0.129029,-0.914897,0.064081,-1.57041,-0.0079495,-0.474154,-0.813947,0.307107,-0.823092,0.660322,-0.576873,0.806845,0.956997,0.0503554
-0.522666,2.32123,1.14589,-0.46841,-0.197673,0.292571,0.307091,-0.304577,0.60712,-1.60007,-0.332281,-1.40489,-0.341781,1.61231,-1.0975,0.739741,-0.963838,-1.49482,1.37615,0.58786,-0.0232119,0.343802,-1.99913,-0.746,-0.363472,0.175404,-1.9695,-1.13168,-0.609897,0.436228,-0.261188,0.13829,-0.937492,-1.2961,0.798837,0.609287,0.193727,-0.40139,0.813145,-1.31742,-0.204939,1.13239,0.756778,0.791255,2.81627,-0.545525,-0.799117,-0.842693,0.242885,-2.57928,0.353048,1.30147,0.332019,0.73789,-0.114573,-1.04738,-0.547595,-2.39523,0.109911,-0.259964,0.505573,0.399908,-1.18775,-0.377708
-0.0795952,0.499491,-0.00500336,-0.0585592,0.29853,-0.0311733,-0.362659,0.491757,-0.73263,0.820427,-1.21815,0.153724,-0.497879,-0.154448,-1.22173,-0.253243,-1.02725,0.916053,-0.800773,0.348096,-0.0913999,-1.1064,-2.31702,1.93404,0.702684,-1.66217,-0.151529,-0.723629,1.07923,0.59213,-1.81507,1.34815,1.82667,1.04776,-0.305521,-0.88035,0.496319,0.812024,0.116671,-0.307458,0.476331,-0.833847,1.42826,1.17471,-0.815201,0.00905951,-0.947744,-1.53518,0.509369,-0.70793,0.331624,-0.963905,-0.579025,1.62192,1.29622,-0.734109,0.266886,-0.184196,0.72062,-0.0171826,-1.52946,1.04983,0.881553,1.47899
1.38959,-0.243359,-1.03127,-0.894524,-1.92561,-0.219444,-1.21953,0.118452,0.476917,-0.00702725,1.03844,-1.01023,-1.92555,-0.101283,-0.573388,-0.177258,-1.43502,0.503733,0.743926,-1.05086,0.350288,-0.105079,0.394893,0.111607,1.22492,-0.171245,0.144782,-0.384745,0.170841,1.5163,0.655191,0.740927,0.0454262,-0.125854,-0.0309803,-0.703172,-0.0467541,-1.57737,0.958472,-0.365647,-0.625397,-0.797797,-0.673114,1.28981,0.618952,3.41788,-1.07672,0.435965,0.969086,-0.0292647,-1.19399,0.295172,0.102461,1.98976,-0.165937,0.190342,-0.532212,1.63676,-1.97857,-1.21044,-0.842473,-0.937766,0.199529,2.08613
-0.786292,1.23596,0.234762,-0.0612733,0.0732101,0.507286,0.781596,1.14484,0.556601,-0.110032,-1.41039,-0.369037,-0.476062,-1.97218,-1.26136,0.438892,-0.600149,0.544686,-0.63284,-1.51159,-0.939946,1.17735,0.193965,-0.109799,2.28449,-0.373858,-0.598969,1.66564,-1.54642,0.277129,-0.52546,0.40822,0.974213,0.650974,0.397241,0.755828,1.50048,0.150714,-0.639637,-0.833076,-0.523367,2.46506,0.0528729,-0.366263,0.698334,-0.26098,-0.275151,-0.71507,-0.960038,-0.0640258,-1.54257,0.893048,-0.792678,0.736005,-0.365059,2.0524,-1.77132,-0.169785,-0.699554,0.425305,0.606339,-0.736553,-0.356289,-0.687491
-0.916835,0.280972,0.287093,-0.421797,0.376276,0.812695,-0.844266,-0.596656,-0.675625,1.58726,1.20003,-1.7673,0.895854,0.593615,-0.0953033,-0.484215,0.35167,2.05407,0.669101,0.0933359,1.01731,-0.055056,-0.430028,2.04572,-0.806539,0.217045,0.272021,-1.13836,1.01419,-0.570559,0.09362,-0.651733,-0.0291511,-2.25324,0.358553,-0.534387,-0.518058,-0.477612,-0.27128,-0.37531,-1.44977,-0.335243,-0.695427,1.50914,-0.234787,0.0437064,0.683332,1.10732,0.737552,0.297906,-0.475222,0.43643,-1.66028,-2.67208,-0.189773,-0.332158,0.314584,0.720649,0.0299805,0.10096,-0.936252,-0.218117,0.0686488,-1.11736
-1.55532,0.618448,-0.60383,1.27402,0.0990956,-2.192,-0.355542,-1.01371,-0.380801,-1.32937,-0.44452,1.54833,0.402721,0.00065368,-0.777864,-0.0585899,0.262685,-0.138166,2.01836,0.810844,-0.12226,-0.0691632,0.419225,-0.784131,0.537996,-0.505125,-0.317622,-0.98911,0.0405929,1.29937,-1.97362,0.64445,-0.323071,0.718651,-0.405334,0.0548481,2.37632,0.712101,0.448484,1.08419,0.437291,-0.549387,-0.376511,1.017,-1.44834,-2.71167,0.0159078,-0.679893,-2.53219,0.480768,-0.826801,-0.0656819,-0.649209,-0.378463,0.671985,2.48738,-0.776195,-2.36784,-0.320363,0.308859,-0.268237,0.609524,2.03857,-0.679452
0.0166264,0.716904,0.305167,0.238765,0.12107,2.09799,0.220652,0.250815,0.322789,-0.688919,0.156282,-1.10311,0.301438,-1.40355,-0.440936,-0.246533,-0.176314,-0.38696,-0.178636,-0.0257139,-0.396963,0.914149,-0.0129257,1.18746,0.80302,1.22885,-1.04773,-0.772805,1.33882,1.02846,1.43807,0.531512,-0.0765209,-0.468065,-1.46007,-0.446442,0.0899876,0.937724,-3.4274,-0.700508,-1.2876,-1.51174,1.13418,1.90398,0.847434,-0.341509,0.965637,-0.0347859,-1.7744,0.20369,1.11183,-1.00464,-0.261521,-1.33636,-0.862385,-0.130882,-1.76468,0.284297,-1.05642,0.615035,0.26757,-0.165228,0.0287185,-1.22898
0.511118,-1.6302,-1.92298,0.55036,0.446781,-0.177697,1.61738,0.189592,0.496226,-1.35228,0.280289,-0.725857,0.35027,-2.0501,0.572095,0.365289,-1.13414,-1.57913,0.704482,-0.0829955,-0.914296,-0.0197903,0.0358606,-0.359388,1.35684,-0.368165,0.48655,-0.0470492,1.00718,0.350871,-0.087698,0.501413,0.942273,0.334226,0.265366,-0.832987,0.89641,-0.0627722,-0.126318,0.639108,-1.07024,-1.3759,0.0294104,-1.3158,-0.234886,1.31403,0.0801903,1.00676,0.141264,0.529046,1.27912,-0.266071,0.445524,1.60269,-0.181048,-0.059699,-1.57987,-0.746831,0.0158982,-0.959951,1.12221,-1.35058,-1.31088,-0.694308
1.06862,0.399021,-0.0698524,0.243747,0.131109,0.326332,1.47462,-0.251123,-0.949203,1.18265,-0.954767,1.01612,0.806344,-1.15485,-1.91651,-0.339946,1.37782,0.113069,-0.203455,-1.2531,-0.111713,-1.01608,-0.0790728,0.708911,0.694267,0.603098,-0.54317,-0.272646,1.67679,0.426998,0.950671,-0.455122,0.115725,-0.0119488,1.80748,-1.75963,-0.44191,-0.12157,-0.377018,1.23744,0.116835,1.68158,1.85023,1.6226,-0.187045,-0.568747,0.425589,0.104017,-2.13625,0.394713,0.989371,1.37639,0.00029614,0.629368,-1.01947,-0.825086,-0.869021,0.244183,0.380546,-1.78005,-0.227379,-0.204186,-0.889179,-0.823889
0.736086,2.7124,-0.669319,1.26188,-0.781493,0.419114,0.732889,-0.816697,-0.439896,-1.19657,0.685274,0.725219,-0.405084,-0.99346,0.428238,0.603622,-0.970712,1.30431,-0.711535,1.18245,-1.19582,-0.488422,0.0530052,0.0508138,-0.4047,0.141486,-1.13055,0.556509,-0.707349,1.08786,-1.07502,0.767237,-1.23189,-1.96141,1.18282,-1.14251,-0.335877,0.0480092,-1.01656,-0.151588,-0.0264792,0.197628,-0.200437,-0.637975,0.614237,-0.239998,-0.676461,-0.293208,0.375881,0.0932376,0.181092,0.213155,1.0713,0.120034,0.4558,-1.99011,-1.85065,-0.798244,0.0878112,0.274553,1.31785,-2.256,0.41038,-0.885186
-2.64965,-1.36822,0.727364,-0.273424,0.388568,-0.523207,-1.20393,0.559222,-1.23876,0.207322,-1.79892,-0.461221,0.616528,-0.835877,-0.0545513,0.873185,0.482002,0.331024,-0.582569,0.64949,0.0374949,-0.520752,-0.130053,-2.02937,-0.0826964,-0.435551,-1.8128,0.899933,-0.957381,-0.0520867,-0.798742,1.43679,0.0218229,-0.659824,-1.71268,-0.900557,0.973662,-0.465074,-0.497845,1.4191,1.79682,0.120752,-1.1233,-1.7072e-05,-1.55933,1.1337,0.683632,-0.10528,2.48717,-0.572068,-0.757349,0.38428,-0.865918,0.672575,0.863134,-0.991321,-1.25337,1.34355,-0.276658,-1.19165,-1.80224,1.16566,-0.557647,0.644312
0.134293,0.718456,1.72101,-0.244024,-0.0912213,-1.25559,0.295784,0.106178,-0.525134,-2.8855,1.15292,1.58723,-2.0263,-0.460935,0.658308,-0.119659,-0.0833003,0.121807,0.550241,0.874584,-0.618251,0.542929,-0.879745,0.541367,-0.597346,-0.214103,-0.567625,-1.14226,-0.48923,-1.87283,-1.06857,0.769634,0.0678637,1.36655,1.50029,-0.425838,-0.287833,0.997743,-0.506963,-0.401018,1.50026,-0.729861,-0.411047,-0.539045,0.355253,1.0942,-1.38653,-0.989666,-0.273281,0.92607,2.05554,1.47001,0.0814072,-0.143558,0.63528,2.10081,-0.371317,2.51308,0.456828,-0.588068,0.0231084,-0.287013,0.957409,0.690747
-1.7191,0.886232,-1.01898,1.02285,0.724952,-1.23598,0.683712,-0.440774,-0.654627,0.650488,-0.230617,-0.356128,-0.577131,-0.841435,-0.107953,-0.647681,-0.819979,-0.47885,0.239629,-0.902976,-0.325439,-1.28638,1.55658,1.15951,-0.192691,0.546093,0.00547977,0.824252,1.50323,-1.3093,-1.32001,-0.24024,-1.43984,-1.34128,0.0351905,-1.0687,-0.514817,0.0677209,-0.472331,0.740484,0.295585,-0.38876,-0.742306,0.0555273,-0.562087,0.244451,0.435772,-1.13461,-0.51765,0.759808,-0.101356,1.09114,1.29415,-0.42612,1.59192,-0.540543,-1.72729,-0.35638,-0.329425,2.78423,-0.318413,0.0396683,1.00732,0.8227
0.84328,-1.59465,-0.379325,0.342354,-2.48535,2.8247,-0.993283,-0.286938,1.0387,-1.1465,0.730752,0.708964,-0.363757,-0.645973,0.816466,-1.48103,-0.104829,-0.128988,-0.0731164,1.01432,0.988155,0.504074,-0.454458,-0.188354,-0.0854295,1.7044,1.34126,-1.21558,-1.6076,-0.0869335,-0.415902,0.105896,0.535429,-1.79612,0.388426,1.14151,0.738962,1.36935,1.23926,-0.657557,1.35331,-0.527768,1.05175,-1.986,0.533218,0.923777,1.13618,0.832384,1.26401,0.877346,0.0713173,1.72768,-2.11897,1.38094,-1.44821,-0.648538,-0.991906,0.855791,2.11758,0.412075,-0.0499117,-0.586426,-1.42383,-1.77731
1.04076,-0.815963,1.56137,0.369844,2.04146,-0.630377,-0.708708,-0.882446,-0.217078,0.559738,0.770247,-1.34072,0.982538,0.369075,-0.290273,-0.916887,0.693334,-2.47801,-0.302416,-0.84571,0.36967,-0.492561,0.232282,-0.837233,0.599687,1.30645,0.444541,-0.343254,0.38188,-0.363231,0.841916,1.0584,-3.6099,-1.0575,1.19453,0.230603,1.51552,-0.583863,0.149554,0.290192,-0.665811,-0.211696,0.127814,-0.066865,0.373245,-0.279143,-0.729475,0.1524,-1.98072,0.162938,-0.00320798,1.24033,-1.07115,0.0574387,-0.501514,-0.290457,-0.702196,0.983269,-0.927636,-0.320368,0.597097,0.925699,1.83281,-0.530564
-0.154592,1.97836,1.07107,0.203622,-1.66195,-0.731459,-1.13637,0.331044,0.178382,-1.35735,-0.686033,0.477563,0.52375,-0.0484939,2.53789,-0.996724,1.6731,-0.640703,0.997863,1.70423,-1.75828,-0.453125,-1.10138,0.282219,-1.0266,0.524906,0.0311618,-0.0200616,-0.72367,0.192637,-0.175457,0.454854,-0.723556,1.92746,0.400331,1.02839,1.0424,0.179714,0.360668,0.440831,-0.622132,0.322683,-0.829582,-0.474588,-0.982626,0.130071,0.0761351,-1.39597,0.541309,-0.610253,-0.784724,-1.81388,0.377702,0.547714,-1.02587,-1.95735,-0.560573,0.642419,-0.730913,0.140924,-1.40124,-0.0552918,-0.789777,0.441809
1.52106,0.601763,1.30852,-1.12047,-0.113599,-0.928818,1.74857,0.330102,-0.758927,1.15156,-1.30554,1.31838,0.338718,0.437935,0.00742453,-0.573213,-1.11785,0.707302,-0.804913,-1.15821,-0.235251,-0.29635,0.290536,0.612103,-0.12872,1.12565,-0.0517716,-1.95819,-0.275071,0.595808,1.41034,-0.233062,-1.25217,-0.450389,0.415072,-1.6488,-0.639876,0.0866502,0.0755245,2.05087,-0.964335,2.34028,-0.0933326,-0.0551077,-0.713226,0.139729,0.586975,1.10277,1.20028,-1.40313,0.0824555,-1.26602,1.23294,-0.182202,-1.3998,-0.841163,-0.0561632,-0.043678,1.12941,0.845278,-1.2857,-0.596773,-1.31765,0.932237
-0.364784,-1.02108,0.763749,1.04893,1.03151,-1.12722,-0.801762,1.01004,0.587272,0.953946,-1.72728,-1.18277,1.13399,1.51365,0.0612062,-0.0835607,-0.0746393,0.195778,0.783003,-1.41409,1.71871,-0.0808224,-0.844493,1.6353,-1.81952,-0.704819,-0.417682,0.39245,-0.590916,0.42777,0.158181,0.109882,-0.973739,-0.430144,0.775639,-0.803039,0.238881,0.878681,0.693739,1.22902,0.880143,-0.685966,0.211561,-0.0675972,-0.294249,-0.258353,-0.779014,-0.443636,0.924274,-2.22063,0.521211,-0.599053,0.700299,-0.467518,0.532604,-0.618771,1.42937,0.456607,0.135202,0.411234,1.84304,-0.668653,1.27812,-0.903464
1.43393,0.14665,1.35309,-0.682873,0.609486,-0.535637,-0.0777434,-0.360447,1.42925,0.167044,0.454853,0.0201564,0.299414,-0.450227,1.21315,1.25112,0.236777,2.01515,-0.24737,-0.283517,0.286515,0.335768,-0.443142,-0.496239,-0.339316,-2.5853,-1.244,-0.958779,-0.385597,-0.28971,1.10864,0.32469,0.55198,-0.605819,0.665416,-1.42489,0.00172803,-0.306646,0.0706501,0.360877,-0.667541,-1.03275,-0.443931,0.0571017,0.387307,-1.19941,0.371832,-0.479647,-1.3844,0.829968,-0.714836,0.117101,0.165571,-0.537859,0.330758,0.383174,0.925307,-0.0560622,0.206753,-1.24307,-0.469715,0.0555457,0.062701,-1.84066
-0.78034,1.34594,0.730924,-0.702247,-0.621925,2.19286,-0.194832,0.82793,1.62283,-1.83169,0.268405,0.512763,-0.34669,0.510046,-0.544986,0.623326,0.848028,0.391427,-0.938392,-0.800787,-0.618361,0.150707,-0.580985,0.855938,-0.153285,-0.0103331,0.463869,0.655952,-1.58103,-0.0946153,-0.362483,-0.108927,-0.336692,-0.0607576,0.514815,0.85743,-1.57974,-0.34828,1.5208,0.0392088,0.20112,-0.344148,-0.673382,-2.02908,-1.4141,-0.828859,1.716,-0.927565,0.578378,1.5317,-0.515563,2.41676,-0.793803,-0.229602,0.169813,-0.99457,0.936202,0.533756,0.397679,0.79341,-0.473817,0.60248,-0.448475,-0.00948472
-0.385725,-0.809912,0.590161,-2.13952,-0.201722,-0.161104,-1.17023,0.430531,-1.14022,-0.110329,-0.387733,-1.67036,0.137667,0.186528,-0.656477,0.299706,1.17982,1.25051,0.162888,-0.309384,-0.775153,0.327255,0.298667,0.188669,-0.475771,-0.315755,-0.358598,0.242793,-1.28874,-0.808875,0.524105,2.38448,0.58627,1.24597,-0.703,0.214402,0.256828,0.530776,-1.0011,-0.404413,-0.799031,1.13322,0.680166,-1.41631,-1.3624,-1.05712,0.598851,-1.25463,0.296643,2.13957,-0.766648,1.68824,-0.59755,-0.594505,-0.985802,0.309652,0.807718,0.241303,1.13171,0.5913,-1.06458,-1.21956,-1.36927,-0.533687
-1.8253,-1.29832,0.315971,0.242204,-1.2083,-1.86069,0.405773,0.0206893,1.18862,1.01385,0.612902,0.975251,-0.917569,-0.703365,0.375499,-0.452917,-0.479014,-0.0917022,0.118625,-0.809871,-1.98861,-0.358422,-0.321807,1.78295,0.553251,-0.267185,-0.319379,-0.498752,-1.63716,-1.13583,-0.127568,-0.941806,-2.79143,0.503116,-0.956096,-0.435343,0.541109,1.11254,-1.46227,0.0425965,0.212356,0.528121,0.965529,-0.989223,0.564927,0.0927597,-1.20996,2.10097,-0.712504,1.58866,-0.000132122,-0.217113,-0.328334,1.05447,-0.176929,-0.326661,-0.271911,-0.235959,-1.95806,-0.759862,0.549351,-0.628993,-0.247257,0.439926
-0.409376,0.826537,0.533266,0.796921,-1.23358,-1.4077,-0.110945,-0.570184,-0.135636,0.176694,0.208239,0.119751,1.02178,0.35498,0.180295,0.105753,-0.0398885,-0.97138,-0.0976235,0.767077,-0.232127,0.212812,0.47222,-1.33732,-0.899303,0.938203,-0.559271,-0.598658,-0.375869,-0.849145,-0.888335,0.226876,1.37052,-0.930218,-1.66051,-0.0618745,0.329448,-0.406675,-0.769303,0.941896,0.571986,-0.539989,-0.261018,-0.119318,0.715267,0.796787,-0.291547,0.788111,0.282813,-1.35993,1.31955,-1.27001,-0.900628,-0.417072,-0.44448,0.685738,-0.823241,-0.262438,0.472393,1.67795,-0.489005,-2.4897,1.04712,1.55596
-0.385412,0.401983,-0.120037,-0.48355,-1.41411,1.21253,-0.683321,-1.32435,-0.955697,-0.909014,0.869675,-1.22375,0.76352,-0.116719,1.94569,1.20174,0.412427,0.332693,-2.11647,0.582691,-0.105811,0.497782,0.271898,-0.207654,0.139067,-0.0061278,0.400697,-0.411525,1.16891,0.749827,-0.929707,-0.219636,0.738964,-0.0426229,-0.375967,0.104677,-1.27407,0.688648,-0.887068,-0.650603,-0.434949,1.27043,0.551581,-0.52261,-0.951439,-0.467797,1.31626,-0.358764,0.259445,-0.150356,1.1271,0.523385,-2.1158,-1.63379,-0.319406,-1.90312,0.808656,0.66241,1.45866,-0.015242,0.86141,0.010701,-0.770055,-2.13362
-0.937042,-1.32865,-0.139145,-1.86646,0.702327,-2.34087,-0.137182,1.12778,-0.272673,1.53564,-0.335144,-0.610071,1.36149,-1.17343,0.454754,0.794469,0.835112,2.48444,0.769041,-1.77225,0.605478,-0.37165,-0.50474,0.408954,1.73813,-0.733151,-1.55526,0.144507,-0.277992,-0.498681,2.90453,-1.32799,-0.184962,1.69141,-1.37298,0.13978,0.838978,0.781537,2.24987,-0.24146,-1.34234,0.359241,0.0133396,0.395427,0.72379,1.24411,0.332222,-0.562319,-0.668538,1.12593,1.81705,0.124405,-0.151881,0.124158,-1.11144,-0.578613,0.481843,0.750822,-0.946416,0.567035,0.605123,-1.33996,-1.55079,0.673959
0.347927,0.128735,0.512875,1.22829,0.440202,0.0437483,-1.10664,0.277335,-1.08291,1.39511,0.314756,-0.708425,0.240588,0.448121,-0.0341419,-1.97351,1.06808,0.821036,-2.10416,1.7845,1.33867,0.0324346,2.15372,-1.38941,2.25559,-1.117,-1.20173,1.0329,0.251312,1.73583,-0.202721,-0.612206,0.499218,0.00731411,1.04323,2.61093,0.0680988,-1.63628,1.80798,1.40787,0.139123,2.01866,0.31318,0.32075,0.224296,0.547987,0.774492,1.21808,-0.574206,0.168353,-0.450474,0.228761,0.205468,1.66755,0.0948597,-0.542329,0.159908,-0.67593,1.30234,0.812133,-0.013867,0.388856,-1.43849,0.712223
-0.770006,-0.682962,-0.964741,1.14203,-0.510255,-1.40458,-1.40083,0.525086,-0.645575,-1.35557,2.16381,1.46078,-0.341925,-1.57948,-1.05609,-0.578639,1.45306,0.805619,-1.42557,-1.37869,-1.20314,-0.0686799,-0.856071,0.247102,-1.0398,0.281124,0.745243,0.480453,-0.381573,0.389464,-1.33236,-0.553236,-0.172093,-0.388,-0.74906,-1.45152,1.04166,-0.526749,-0.670626,0.866636,-1.42492,0.628677,-0.100319,0.696568,-1.81323,1.60486,0.701156,0.223182,-0.720692,-0.982996,2.09563,0.127187,1.35783,0.152698,1.40534,0.189528,-0.830591,0.398464,0.396832,-1.44592,-0.556362,-0.969445,-1.06525,1.28703
1.71545,0.407534,0.299647,1.89581,2.38444,-0.486795,0.0412691,0.118805,0.325408,0.279924,-1.69383,-1.17666,-0.531476,0.750001,0.746416,0.602558,1.13264,-0.262612,1.32842,-0.471607,0.530446,0.752382,0.185275,-0.480562,-1.85839,-1.37696,-0.879623,-1.03669,0.813586,-0.887537,0.181682,-0.301048,-0.0339828,0.581607,-0.0254865,-0.559193,1.04429,0.412334,0.111832,1.14173,-0.0072273,0.872685,-0.412962,1.34236,-0.473075,1.09712,1.12027,0.452338,1.67022,-0.452066,-0.588235,0.0325815,-0.122485,0.485838,0.127865,1.98074,0.114248,-1.0638,-0.298227,-0.168051,-1.36459,-1.36713,0.729674,0.37427
0.323799,0.248735,1.52669,0.84309,-0.439347,-0.217119,-1.06105,-1.35113,0.101206,-1.68568,0.226657,-1.01125,0.219463,-1.37721,-1.29745,0.215466,0.760178,2.62591,-1.64891,0.573645,-0.251706,0.263063,-0.272152,1.23674,-0.54694,1.21252,-0.366162,-0.268795,0.325386,1.93752,-0.103087,0.567927,0.251726,2.48237,0.992667,0.919912,-2.28073,0.544375,0.399971,1.09469,1.14405,0.751923,-0.994627,-0.618983,1.9704,-0.298895,1.29634,-0.736246,3.1166,0.363872,-0.922035,0.864765,1.01281,-1.03103,0.291979,-1.01822,0.063903,0.44934,-0.179519,-0.59285,-1.67581,0.178855,-1.3021,-0.777897
0.526577,0.415866,-1.40013,-0.850161,0.462402,-1.51424,0.242335,-0.685432,0.288333,1.06886,0.161066,-0.961066,1.53569,-1.21882,0.940424,0.717443,-0.896983,-0.113579,-1.61606,0.500389,0.801512,-1.99068,0.563387,0.509124,-1.15322,-0.463939,0.319059,1.62702,0.681648,-0.0151538,1.38246,-0.447129,0.520106,0.773785,-0.615843,-2.03827,-0.101926,0.421099,-1.61267,-0.552434,0.269477,-1.10459,-0.29694,0.168359,1.62831,-0.569876,0.394655,-0.805075,0.696717,-1.33952,-1.25727,-0.215566,0.358129,-0.550679,0.308352,-1.60961,0.0591559,1.09743,-0.535262,-0.921254,0.464134,-0.591442,-0.937567,0.923672
-1.28857,0.255015,-0.884214,-0.342438,1.70106,1.06241,1.10432,-0.974742,0.439671,-0.587779,0.233365,-0.565207,-1.41362,-0.750708,0.72831,1.11386,1.12182,-0.148461,-0.315452,0.297809,1.4599,-0.13951,0.804559,-0.652779,-0.954456,0.940257,-2.08795,-0.951375,-0.706932,0.994599,2.15497,0.784609,-0.339135,0.622617,0.0115481,-2.20966,-1.13813,2.18144,0.309167,0.838697,0.799666,0.343693,0.205842,1.21311,-1.2664,-0.360925,-0.811634,-1.97711,-0.410358,-2.01671,1.14606,-0.111974,0.662292,-0.833219,-1.42962,-1.61237,1.05531,0.571858,-0.0698627,-0.875098,-0.116084,1.12921,-0.450476,-0.462144
